ciudad,pais,latitud,longitud,temperatura,sensacion_termica,humedad,velocidad_viento,descripcion,codigo_tiempo,fecha_extraccion,temperatura_categoria,estado_clima,clima_severo
Mexico City,Mexico,19.4326,-99.1332,29.1,29.2,48,11.1,Partly Cloudy,116,2026-04-08 11:48:01.018551,Cálido,Parcialmente nublado,False
Lima,Peru,-12.0464,-77.0428,17.9,19.8,77,9.4,Partly Cloudy,116,2026-03-31 06:12:01.018774,Frío,Parcialmente nublado,False
Tokyo,Japan,35.6895,139.6917,22.5,23.2,75,11.4,Cloudy,119,2026-04-05 05:20:01.019013,Templado,Nublado,False
Miami,Usa,25.7617,-80.1918,26.5,27.4,66,16.3,Overcast,122,2026-04-02 07:35:01.019113,Cálido,Nublado,False
Bogota,Colombia,4.711,-74.0721,16.5,14.9,80,7.3,Light Drizzle,266,2026-03-24 00:56:01.019188,Frío,Lluvia ligera,False
Medellin,Colombia,6.2442,-75.5812,26.2,26.1,62,3.7,Partly Cloudy,116,2026-03-26 05:33:01.019262,Cálido,Parcialmente nublado,False
Sao Paulo,Brazil,-23.5505,-46.6333,23.9,25.4,73,8.9,Cloudy,119,2026-04-13 23:26:01.019321,Templado,Nublado,False
Cali,Colombia,3.4516,-76.532,27.5,23.9,82,8.6,Cloudy,119,2026-03-25 18:39:01.019416,Cálido,Nublado,False
Bogota,Colombia,4.711,-74.0721,19.5,19.1,87,12.2,Patchy Snow Showers,392,2026-03-21 03:01:01.019469,Templado,Nieve ligera,False
Tokyo,Japan,35.6895,139.6917,19.2,19.2,70,8.8,Patchy Rain Nearby,176,2026-04-10 00:05:01.019513,Templado,Lluvia ligera,False
Miami,Usa,25.7617,-80.1918,27.5,28.4,79,9.7,Patchy Rain Nearby,176,2026-04-11 17:57:01.019554,Cálido,Lluvia ligera,False
London,Uk,51.5074,-0.1278,15.6,16.3,62,9.3,Overcast,122,2026-04-09 06:40:01.019594,Frío,Nublado,False
Bogota,Colombia,4.711,-74.0721,25.3,23.9,88,10.4,Partly Cloudy,116,2026-03-20 15:21:01.019634,Cálido,Parcialmente nublado,False
Miami,Usa,25.7617,-80.1918,27.7,27.8,84,7.6,Partly Cloudy,116,2026-04-12 03:20:01.019673,Cálido,Parcialmente nublado,False
London,Uk,51.5074,-0.1278,14.0,13.5,73,7.3,Cloudy,119,2026-03-20 09:36:01.019712,Frío,Nublado,False
Cartagena,Colombia,10.391,-75.4794,24.3,23.4,95,19.3,Overcast,122,2026-03-21 08:46:01.019751,Cálido,Nublado,False
Sao Paulo,Brazil,-23.5505,-46.6333,23.9,21.4,86,19.6,Sunny,113,2026-03-17 07:27:01.019791,Templado,Despejado,False
Madrid,Spain,40.4168,-3.7038,18.1,16.5,80,14.5,Patchy Rain Nearby,176,2026-04-15 08:21:01.019841,Templado,Lluvia ligera,False
Tokyo,Japan,35.6895,139.6917,22.3,24.5,73,7.4,Partly Cloudy,116,2026-03-18 05:40:01.019884,Templado,Parcialmente nublado,False
Medellin,Colombia,6.2442,-75.5812,20.4,18.0,66,8.7,Partly Cloudy,116,2026-04-15 08:17:01.019925,Templado,Parcialmente nublado,False
Sao Paulo,Brazil,-23.5505,-46.6333,24.3,21.3,69,9.1,Partly Cloudy,116,2026-03-29 22:47:01.019965,Cálido,Parcialmente nublado,False
Medellin,Colombia,6.2442,-75.5812,25.0,23.9,71,3.0,Cloudy,119,2026-04-11 08:58:01.020004,Cálido,Nublado,False
Barranquilla,Colombia,10.9685,-74.7813,26.7,26.7,93,9.7,Sunny,113,2026-03-21 12:04:01.020043,Cálido,Despejado,False
London,Uk,51.5074,-0.1278,18.6,16.7,60,14.9,Sunny,113,2026-04-13 03:39:01.020082,Templado,Despejado,False
London,Uk,51.5074,-0.1278,16.1,19.0,72,9.1,Light Drizzle,266,2026-04-05 10:23:01.020121,Frío,Lluvia ligera,False
Cali,Colombia,3.4516,-76.532,28.4,28.5,67,13.8,Thundery Outbreaks,200,2026-04-12 01:34:01.020161,Cálido,Tormenta,True
Madrid,Spain,40.4168,-3.7038,21.8,16.4,62,10.8,Patchy Rain Nearby,176,2026-03-29 19:12:01.020210,Templado,Lluvia ligera,False
Barranquilla,Colombia,10.9685,-74.7813,29.1,32.0,77,15.4,Sunny,113,2026-04-05 04:02:01.020272,Cálido,Despejado,False
Mexico City,Mexico,19.4326,-99.1332,24.9,21.8,72,7.8,Patchy Snow Showers,392,2026-04-01 10:33:01.020311,Cálido,Nieve ligera,False
Cartagena,Colombia,10.391,-75.4794,32.3,31.3,66,6.3,Overcast,122,2026-03-23 02:15:01.020351,Muy cálido,Nublado,False
Medellin,Colombia,6.2442,-75.5812,23.3,24.3,50,4.1,Cloudy,119,2026-03-21 07:06:01.020390,Templado,Nublado,False
Lima,Peru,-12.0464,-77.0428,23.5,24.3,70,11.4,Light Drizzle,266,2026-03-19 23:07:01.020430,Templado,Lluvia ligera,False
Medellin,Colombia,6.2442,-75.5812,29.0,28.7,73,6.1,Sunny,113,2026-03-17 17:21:01.020470,Cálido,Despejado,False
Sao Paulo,Brazil,-23.5505,-46.6333,21.3,22.2,95,8.5,Overcast,122,2026-04-09 07:38:01.020511,Templado,Nublado,False
Mexico City,Mexico,19.4326,-99.1332,25.6,27.7,49,15.8,Light Rain,293,2026-04-10 05:36:01.020550,Cálido,Lluvia ligera,False
Sao Paulo,Brazil,-23.5505,-46.6333,23.0,21.1,85,0.7,Patchy Rain Nearby,176,2026-03-25 19:00:01.020590,Templado,Lluvia ligera,False
Miami,Usa,25.7617,-80.1918,31.0,31.8,72,11.9,Light Rain,293,2026-04-04 18:20:01.020629,Muy cálido,Lluvia ligera,False
Bogota,Colombia,4.711,-74.0721,16.4,15.7,72,7.4,Partly Cloudy,116,2026-03-26 20:21:01.020679,Frío,Parcialmente nublado,False
Miami,Usa,25.7617,-80.1918,29.1,30.9,94,19.1,Overcast,122,2026-04-03 13:18:01.020779,Cálido,Nublado,False
Cartagena,Colombia,10.391,-75.4794,29.6,30.3,89,7.0,Sunny,113,2026-03-22 17:35:01.020929,Cálido,Despejado,False
Bogota,Colombia,4.711,-74.0721,28.8,30.4,35,10.6,Moderate Rain,302,2026-04-11 14:06:01.020976,Cálido,Lluvia moderada,False
Medellin,Colombia,6.2442,-75.5812,25.6,26.6,55,5.7,Thundery Outbreaks,200,2026-03-22 16:48:01.021018,Cálido,Tormenta,True
Miami,Usa,25.7617,-80.1918,27.4,29.1,80,6.2,Cloudy,119,2026-04-12 18:47:01.021058,Cálido,Nublado,False
Miami,Usa,25.7617,-80.1918,27.8,26.3,100,19.6,Cloudy,119,2026-04-09 22:10:01.021149,Cálido,Nublado,False
Tokyo,Japan,35.6895,139.6917,23.5,21.2,60,0.5,Heavy Rain,308,2026-04-06 03:19:01.021270,Templado,Lluvia fuerte,False
Cali,Colombia,3.4516,-76.532,22.8,21.4,89,6.5,Patchy Rain Nearby,176,2026-03-20 07:47:01.021338,Templado,Lluvia ligera,False
Mexico City,Mexico,19.4326,-99.1332,22.0,18.2,48,14.8,Light Rain,293,2026-04-07 22:25:01.021382,Templado,Lluvia ligera,False
Mexico City,Mexico,19.4326,-99.1332,28.1,26.1,89,5.2,Sunny,113,2026-04-02 00:04:01.021616,Cálido,Despejado,False
Mexico City,Mexico,19.4326,-99.1332,19.7,23.5,45,1.4,Patchy Rain Nearby,176,2026-04-08 23:24:01.021672,Templado,Lluvia ligera,False
Cartagena,Colombia,10.391,-75.4794,33.0,34.2,89,10.8,Overcast,122,2026-03-21 18:51:01.021713,Muy cálido,Nublado,False
Lima,Peru,-12.0464,-77.0428,22.4,25.1,78,12.2,Patchy Snow Showers,392,2026-04-11 13:22:01.021753,Templado,Nieve ligera,False
Cali,Colombia,3.4516,-76.532,26.3,26.9,63,15.9,Light Rain,293,2026-03-21 17:23:01.021792,Cálido,Lluvia ligera,False
Sao Paulo,Brazil,-23.5505,-46.6333,25.6,25.5,89,18.6,Heavy Rain,308,2026-03-19 20:32:01.021831,Cálido,Lluvia fuerte,False
Bogota,Colombia,4.711,-74.0721,19.8,23.2,64,19.4,Sunny,113,2026-03-23 20:59:01.021871,Templado,Despejado,False
Bogota,Colombia,4.711,-74.0721,15.6,17.2,68,10.9,Overcast,122,2026-04-01 16:40:01.021996,Frío,Nublado,False
Madrid,Spain,40.4168,-3.7038,14.5,16.2,58,9.8,Partly Cloudy,116,2026-03-17 17:55:01.022073,Frío,Parcialmente nublado,False
Medellin,Colombia,6.2442,-75.5812,27.3,26.5,68,5.5,Sunny,113,2026-03-30 04:18:01.022118,Cálido,Despejado,False
Medellin,Colombia,6.2442,-75.5812,24.1,26.4,67,8.2,Sunny,113,2026-04-10 06:02:01.022188,Cálido,Despejado,False
Madrid,Spain,40.4168,-3.7038,18.3,16.4,80,3.0,Patchy Rain Nearby,176,2026-04-06 11:21:01.022229,Templado,Lluvia ligera,False
Lima,Peru,-12.0464,-77.0428,17.6,15.5,69,16.3,Sunny,113,2026-04-15 02:34:01.022268,Frío,Despejado,False
Sao Paulo,Brazil,-23.5505,-46.6333,28.4,25.8,89,4.5,Sunny,113,2026-03-26 07:12:01.022306,Cálido,Despejado,False
Tokyo,Japan,35.6895,139.6917,20.8,20.3,74,8.3,Overcast,122,2026-03-18 18:50:01.022346,Templado,Nublado,False
Medellin,Colombia,6.2442,-75.5812,25.7,25.9,78,14.9,Sunny,113,2026-03-24 09:54:01.022385,Cálido,Despejado,False
Miami,Usa,25.7617,-80.1918,24.9,21.7,63,16.7,Sunny,113,2026-04-08 01:27:01.022424,Cálido,Despejado,False
Cartagena,Colombia,10.391,-75.4794,25.8,27.7,100,15.8,Cloudy,119,2026-04-15 19:46:01.022465,Cálido,Nublado,False
Miami,Usa,25.7617,-80.1918,27.1,24.2,71,11.9,Moderate Rain,302,2026-03-31 06:35:01.022511,Cálido,Lluvia moderada,False
Sao Paulo,Brazil,-23.5505,-46.6333,25.9,23.7,79,0.3,Partly Cloudy,116,2026-04-09 00:59:01.022659,Cálido,Parcialmente nublado,False
Mexico City,Mexico,19.4326,-99.1332,21.6,20.3,62,9.9,Partly Cloudy,116,2026-03-30 00:41:01.022771,Templado,Parcialmente nublado,False
Mexico City,Mexico,19.4326,-99.1332,35.0,35.4,81,8.3,Overcast,122,2026-03-20 05:24:01.022817,Muy cálido,Nublado,False
Mexico City,Mexico,19.4326,-99.1332,24.9,29.5,76,3.7,Light Drizzle,266,2026-03-20 22:26:01.022869,Cálido,Lluvia ligera,False
Bogota,Colombia,4.711,-74.0721,24.5,24.1,54,7.3,Cloudy,119,2026-04-07 07:14:01.022909,Cálido,Nublado,False
Madrid,Spain,40.4168,-3.7038,12.3,9.1,69,4.7,Light Drizzle,266,2026-04-07 05:05:01.022948,Frío,Lluvia ligera,False
Tokyo,Japan,35.6895,139.6917,15.9,16.2,69,12.5,Patchy Snow Showers,392,2026-03-24 14:13:01.022988,Frío,Nieve ligera,False
Sao Paulo,Brazil,-23.5505,-46.6333,27.0,30.4,62,7.5,Partly Cloudy,116,2026-03-19 04:43:01.023026,Cálido,Parcialmente nublado,False
Madrid,Spain,40.4168,-3.7038,22.8,20.6,73,7.7,Cloudy,119,2026-04-15 18:33:01.023064,Templado,Nublado,False
Cali,Colombia,3.4516,-76.532,25.6,28.3,68,0.2,Partly Cloudy,116,2026-04-12 01:55:01.023103,Cálido,Parcialmente nublado,False
Medellin,Colombia,6.2442,-75.5812,30.9,31.8,65,1.1,Patchy Rain Nearby,176,2026-04-03 13:48:01.023142,Muy cálido,Lluvia ligera,False
Cartagena,Colombia,10.391,-75.4794,30.8,33.4,86,8.3,Cloudy,119,2026-04-08 07:10:01.023193,Muy cálido,Nublado,False
Lima,Peru,-12.0464,-77.0428,24.0,26.1,60,10.1,Patchy Rain Nearby,176,2026-03-27 19:16:01.023234,Templado,Lluvia ligera,False
London,Uk,51.5074,-0.1278,20.4,18.2,40,1.8,Partly Cloudy,116,2026-04-03 13:47:01.023273,Templado,Parcialmente nublado,False
Cartagena,Colombia,10.391,-75.4794,29.0,27.6,100,17.6,Partly Cloudy,116,2026-03-28 03:16:01.023313,Cálido,Parcialmente nublado,False
Madrid,Spain,40.4168,-3.7038,15.2,15.9,69,4.3,Heavy Rain,308,2026-04-01 14:50:01.023352,Frío,Lluvia fuerte,False
Cartagena,Colombia,10.391,-75.4794,31.6,32.9,90,14.9,Moderate Rain,302,2026-03-26 22:35:01.023390,Muy cálido,Lluvia moderada,False
Miami,Usa,25.7617,-80.1918,32.9,33.7,82,8.5,Light Drizzle,266,2026-04-09 06:29:01.023428,Muy cálido,Lluvia ligera,False
Madrid,Spain,40.4168,-3.7038,18.1,17.2,34,9.7,Cloudy,119,2026-03-21 23:29:01.023467,Templado,Nublado,False
Madrid,Spain,40.4168,-3.7038,9.0,11.3,57,13.4,Heavy Rain,308,2026-04-11 22:23:01.023506,Muy frío,Lluvia fuerte,False
Miami,Usa,25.7617,-80.1918,31.6,32.6,72,13.2,Sunny,113,2026-04-05 16:09:01.023553,Muy cálido,Despejado,False
Bogota,Colombia,4.711,-74.0721,14.6,14.7,77,6.9,Light Drizzle,266,2026-03-24 00:24:01.023615,Frío,Lluvia ligera,False
Miami,Usa,25.7617,-80.1918,28.5,27.0,68,13.8,Thundery Outbreaks,200,2026-04-04 01:25:01.023655,Cálido,Tormenta,True
Miami,Usa,25.7617,-80.1918,34.0,36.5,86,15.0,Cloudy,119,2026-04-13 14:58:01.023694,Muy cálido,Nublado,False
Cali,Colombia,3.4516,-76.532,32.5,31.1,80,4.9,Partly Cloudy,116,2026-04-15 09:16:01.023732,Muy cálido,Parcialmente nublado,False
Lima,Peru,-12.0464,-77.0428,26.1,23.7,69,6.6,Light Drizzle,266,2026-03-20 15:03:01.023771,Cálido,Lluvia ligera,False
Cali,Colombia,3.4516,-76.532,27.1,27.0,73,9.5,Heavy Rain,308,2026-04-08 14:15:01.023811,Cálido,Lluvia fuerte,False
Lima,Peru,-12.0464,-77.0428,17.3,14.3,72,14.3,Sunny,113,2026-03-19 17:27:01.023851,Frío,Despejado,False
Bogota,Colombia,4.711,-74.0721,16.2,15.4,67,2.7,Overcast,122,2026-04-08 19:29:01.023891,Frío,Nublado,False
Miami,Usa,25.7617,-80.1918,27.7,28.1,55,8.7,Sunny,113,2026-04-02 17:04:01.023930,Cálido,Despejado,False
Miami,Usa,25.7617,-80.1918,31.0,27.6,78,4.5,Patchy Rain Nearby,176,2026-04-08 03:59:01.023968,Muy cálido,Lluvia ligera,False
Cali,Colombia,3.4516,-76.532,19.2,16.9,56,8.3,Overcast,122,2026-04-10 03:04:01.024017,Templado,Nublado,False
Bogota,Colombia,4.711,-74.0721,12.3,11.2,84,3.4,Sunny,113,2026-04-03 01:55:01.024055,Frío,Despejado,False
Tokyo,Japan,35.6895,139.6917,23.1,19.2,52,9.4,Light Rain,293,2026-04-15 08:50:01.024151,Templado,Lluvia ligera,False
Cali,Colombia,3.4516,-76.532,22.3,21.9,64,10.8,Patchy Rain Nearby,176,2026-03-29 07:06:01.024210,Templado,Lluvia ligera,False
Madrid,Spain,40.4168,-3.7038,16.2,18.5,38,11.9,Sunny,113,2026-04-08 02:31:01.024251,Frío,Despejado,False
Medellin,Colombia,6.2442,-75.5812,21.6,20.5,61,6.2,Partly Cloudy,116,2026-03-21 03:12:01.024291,Templado,Parcialmente nublado,False
London,Uk,51.5074,-0.1278,12.5,13.3,53,19.6,Overcast,122,2026-04-09 22:09:01.024329,Frío,Nublado,False
London,Uk,51.5074,-0.1278,14.3,13.6,71,17.1,Partly Cloudy,116,2026-04-08 08:05:01.024368,Frío,Parcialmente nublado,False
Mexico City,Mexico,19.4326,-99.1332,25.7,22.6,69,1.6,Light Drizzle,266,2026-03-29 10:13:01.024406,Cálido,Lluvia ligera,False
Bogota,Colombia,4.711,-74.0721,13.9,12.4,84,0.6,Sunny,113,2026-03-17 23:07:01.024511,Frío,Despejado,False
Tokyo,Japan,35.6895,139.6917,24.3,25.7,67,3.7,Partly Cloudy,116,2026-04-04 20:54:01.024585,Cálido,Parcialmente nublado,False
Barranquilla,Colombia,10.9685,-74.7813,30.0,31.8,71,16.9,Heavy Rain,308,2026-04-06 03:14:01.024628,Cálido,Lluvia fuerte,False
Bogota,Colombia,4.711,-74.0721,8.3,8.0,74,7.9,Light Drizzle,266,2026-03-27 15:50:01.024670,Muy frío,Lluvia ligera,False
Medellin,Colombia,6.2442,-75.5812,27.2,26.3,88,13.0,Cloudy,119,2026-04-14 01:15:01.024710,Cálido,Nublado,False
Medellin,Colombia,6.2442,-75.5812,15.1,16.3,64,3.5,Patchy Rain Nearby,176,2026-04-15 04:18:01.024759,Frío,Lluvia ligera,False
Cali,Colombia,3.4516,-76.532,22.6,24.4,63,13.4,Cloudy,119,2026-03-31 18:26:01.024836,Templado,Nublado,False
Bogota,Colombia,4.711,-74.0721,20.1,19.9,58,1.5,Overcast,122,2026-03-25 15:22:01.024889,Templado,Nublado,False
Sao Paulo,Brazil,-23.5505,-46.6333,21.4,20.6,100,8.4,Sunny,113,2026-04-14 03:24:01.024961,Templado,Despejado,False
Lima,Peru,-12.0464,-77.0428,13.0,11.7,75,7.9,Patchy Rain Nearby,176,2026-03-27 08:55:01.025064,Frío,Lluvia ligera,False
Tokyo,Japan,35.6895,139.6917,20.4,19.3,42,9.6,Sunny,113,2026-03-19 02:15:01.025201,Templado,Despejado,False
Cali,Colombia,3.4516,-76.532,29.8,30.1,71,1.0,Sunny,113,2026-03-23 10:00:01.025322,Cálido,Despejado,False
Mexico City,Mexico,19.4326,-99.1332,28.3,27.6,65,1.0,Partly Cloudy,116,2026-03-24 13:11:01.025381,Cálido,Parcialmente nublado,False
Tokyo,Japan,35.6895,139.6917,18.8,20.2,68,14.3,Cloudy,119,2026-03-19 04:49:01.025433,Templado,Nublado,False
Bogota,Colombia,4.711,-74.0721,22.4,21.7,67,17.2,Heavy Rain,308,2026-03-27 22:38:01.025474,Templado,Lluvia fuerte,False
Tokyo,Japan,35.6895,139.6917,21.0,20.2,66,2.3,Patchy Rain Nearby,176,2026-03-31 18:53:01.025514,Templado,Lluvia ligera,False
Cartagena,Colombia,10.391,-75.4794,34.5,34.6,76,16.3,Light Rain,293,2026-04-02 11:00:01.025553,Muy cálido,Lluvia ligera,False
Bogota,Colombia,4.711,-74.0721,13.2,11.4,65,0.0,Overcast,122,2026-03-25 18:28:01.025591,Frío,Nublado,False
Barranquilla,Colombia,10.9685,-74.7813,25.8,25.2,72,5.1,Partly Cloudy,116,2026-04-12 12:36:01.025630,Cálido,Parcialmente nublado,False
Bogota,Colombia,4.711,-74.0721,15.3,18.3,68,11.1,Sunny,113,2026-04-11 00:56:01.025668,Frío,Despejado,False
Cali,Colombia,3.4516,-76.532,24.0,24.4,76,5.6,Moderate Rain,302,2026-03-27 18:05:01.025707,Templado,Lluvia moderada,False
Madrid,Spain,40.4168,-3.7038,13.3,17.3,48,13.4,Overcast,122,2026-03-19 02:43:01.025757,Frío,Nublado,False
Madrid,Spain,40.4168,-3.7038,16.9,18.1,73,8.9,Overcast,122,2026-04-10 23:40:01.025797,Frío,Nublado,False
Medellin,Colombia,6.2442,-75.5812,27.7,24.5,76,12.4,Partly Cloudy,116,2026-04-09 05:30:01.025838,Cálido,Parcialmente nublado,False
Barranquilla,Colombia,10.9685,-74.7813,35.3,37.4,98,10.6,Light Drizzle,266,2026-04-13 14:05:01.025877,Muy cálido,Lluvia ligera,False
Tokyo,Japan,35.6895,139.6917,23.7,27.9,51,8.1,Sunny,113,2026-03-29 19:06:01.025918,Templado,Despejado,False
Cali,Colombia,3.4516,-76.532,24.1,24.2,74,16.8,Partly Cloudy,116,2026-03-21 15:48:01.025973,Cálido,Parcialmente nublado,False
Miami,Usa,25.7617,-80.1918,22.6,24.0,77,8.9,Patchy Rain Nearby,176,2026-03-26 03:54:01.026017,Templado,Lluvia ligera,False
Lima,Peru,-12.0464,-77.0428,23.7,23.7,87,13.3,Cloudy,119,2026-04-07 07:03:01.026056,Templado,Nublado,False
Bogota,Colombia,4.711,-74.0721,13.2,13.8,88,5.5,Sunny,113,2026-04-01 13:15:01.026093,Frío,Despejado,False
Sao Paulo,Brazil,-23.5505,-46.6333,29.4,30.4,81,4.5,Partly Cloudy,116,2026-04-13 16:12:01.026131,Cálido,Parcialmente nublado,False
Sao Paulo,Brazil,-23.5505,-46.6333,19.4,20.2,71,5.2,Sunny,113,2026-03-24 05:41:01.026180,Templado,Despejado,False
Cali,Colombia,3.4516,-76.532,19.7,20.2,76,7.7,Thundery Outbreaks,200,2026-04-13 00:48:01.026221,Templado,Tormenta,True
Miami,Usa,25.7617,-80.1918,22.2,22.0,72,19.8,Sunny,113,2026-03-27 03:42:01.026259,Templado,Despejado,False
Tokyo,Japan,35.6895,139.6917,14.6,15.9,53,12.9,Sunny,113,2026-04-01 19:24:01.026395,Frío,Despejado,False
Madrid,Spain,40.4168,-3.7038,15.5,18.6,57,3.8,Sunny,113,2026-03-28 04:53:01.026457,Frío,Despejado,False
Cali,Colombia,3.4516,-76.532,19.3,19.0,50,13.6,Partly Cloudy,116,2026-04-07 18:18:01.026499,Templado,Parcialmente nublado,False
London,Uk,51.5074,-0.1278,19.3,19.1,79,9.7,Patchy Rain Nearby,176,2026-04-07 19:28:01.026539,Templado,Lluvia ligera,False
Miami,Usa,25.7617,-80.1918,38.8,38.2,67,10.2,Partly Cloudy,116,2026-04-14 03:34:01.026577,Muy cálido,Parcialmente nublado,False
Medellin,Colombia,6.2442,-75.5812,21.6,23.6,62,18.9,Partly Cloudy,116,2026-04-09 10:32:01.026616,Templado,Parcialmente nublado,False
Sao Paulo,Brazil,-23.5505,-46.6333,29.0,30.9,100,8.0,Sunny,113,2026-04-13 11:04:01.026655,Cálido,Despejado,False
Medellin,Colombia,6.2442,-75.5812,18.5,18.1,69,13.6,Overcast,122,2026-03-16 23:54:01.026704,Templado,Nublado,False
Cali,Colombia,3.4516,-76.532,30.1,30.4,87,8.0,Light Drizzle,266,2026-03-16 09:25:01.026745,Muy cálido,Lluvia ligera,False
Medellin,Colombia,6.2442,-75.5812,20.9,21.8,46,21.5,Moderate Rain,302,2026-04-08 12:47:01.026788,Templado,Lluvia moderada,False
Cali,Colombia,3.4516,-76.532,22.7,21.5,100,9.6,Heavy Snow,395,2026-03-31 00:28:01.026828,Templado,Nieve fuerte,True
Barranquilla,Colombia,10.9685,-74.7813,33.5,33.3,61,10.7,Cloudy,119,2026-04-06 17:47:01.026867,Muy cálido,Nublado,False
Tokyo,Japan,35.6895,139.6917,23.7,24.4,55,0.5,Sunny,113,2026-04-12 20:23:01.026905,Templado,Despejado,False
Medellin,Colombia,6.2442,-75.5812,24.5,25.4,83,23.1,Sunny,113,2026-03-21 11:05:01.026953,Cálido,Despejado,False
Medellin,Colombia,6.2442,-75.5812,22.8,24.1,45,9.4,Moderate Rain,302,2026-04-10 04:01:01.026993,Templado,Lluvia moderada,False
London,Uk,51.5074,-0.1278,9.6,7.6,78,7.8,Sunny,113,2026-03-25 00:55:01.027031,Muy frío,Despejado,False
Bogota,Colombia,4.711,-74.0721,12.9,14.3,82,8.6,Partly Cloudy,116,2026-04-10 14:25:01.027069,Frío,Parcialmente nublado,False
Madrid,Spain,40.4168,-3.7038,25.5,25.3,70,0.2,Cloudy,119,2026-04-14 11:34:01.027299,Cálido,Nublado,False
Cali,Colombia,3.4516,-76.532,27.3,27.1,67,3.7,Sunny,113,2026-03-16 23:31:01.027354,Cálido,Despejado,False
London,Uk,51.5074,-0.1278,14.0,18.3,80,9.6,Cloudy,119,2026-03-26 12:53:01.027397,Frío,Nublado,False
Sao Paulo,Brazil,-23.5505,-46.6333,23.2,21.9,100,5.7,Cloudy,119,2026-03-18 08:38:01.027436,Templado,Nublado,False
Medellin,Colombia,6.2442,-75.5812,21.9,23.5,70,4.7,Heavy Rain,308,2026-04-13 03:10:01.027476,Templado,Lluvia fuerte,False
Tokyo,Japan,35.6895,139.6917,21.7,22.1,61,12.0,Light Drizzle,266,2026-04-12 09:05:01.027515,Templado,Lluvia ligera,False
Cartagena,Colombia,10.391,-75.4794,28.9,29.4,75,2.3,Patchy Rain Nearby,176,2026-03-29 19:54:01.027553,Cálido,Lluvia ligera,False
Medellin,Colombia,6.2442,-75.5812,29.1,31.9,68,7.3,Sunny,113,2026-03-18 12:54:01.027591,Cálido,Despejado,False
Bogota,Colombia,4.711,-74.0721,20.7,21.3,78,13.4,Light Drizzle,266,2026-03-30 18:42:01.027629,Templado,Lluvia ligera,False
Medellin,Colombia,6.2442,-75.5812,26.8,27.3,57,4.8,Sunny,113,2026-03-17 13:25:01.027667,Cálido,Despejado,False
Bogota,Colombia,4.711,-74.0721,20.2,22.2,88,10.7,Light Rain,293,2026-03-23 11:22:01.027719,Templado,Lluvia ligera,False
Mexico City,Mexico,19.4326,-99.1332,27.3,23.7,82,9.7,Patchy Snow Showers,392,2026-04-06 19:58:01.027759,Cálido,Nieve ligera,False
London,Uk,51.5074,-0.1278,11.1,11.7,70,18.8,Sunny,113,2026-04-05 15:39:01.027798,Frío,Despejado,False
Sao Paulo,Brazil,-23.5505,-46.6333,31.1,31.0,71,15.5,Partly Cloudy,116,2026-04-12 21:06:01.027846,Muy cálido,Parcialmente nublado,False
Lima,Peru,-12.0464,-77.0428,20.2,17.5,66,8.2,Overcast,122,2026-03-28 22:59:01.027886,Templado,Nublado,False
Cali,Colombia,3.4516,-76.532,22.0,19.8,74,9.0,Thundery Outbreaks,200,2026-03-16 15:36:01.027925,Templado,Tormenta,True
Cali,Colombia,3.4516,-76.532,29.8,28.0,71,4.8,Overcast,122,2026-03-25 18:06:01.027965,Cálido,Nublado,False
Sao Paulo,Brazil,-23.5505,-46.6333,25.5,21.1,83,12.2,Cloudy,119,2026-03-23 17:10:01.028003,Cálido,Nublado,False
Mexico City,Mexico,19.4326,-99.1332,26.0,27.9,65,6.0,Cloudy,119,2026-04-02 04:13:01.028042,Cálido,Nublado,False
Miami,Usa,25.7617,-80.1918,29.5,30.5,83,10.9,Partly Cloudy,116,2026-04-06 08:52:01.028080,Cálido,Parcialmente nublado,False
Bogota,Colombia,4.711,-74.0721,19.8,14.1,74,11.8,Light Drizzle,266,2026-04-07 08:47:01.028173,Templado,Lluvia ligera,False
Miami,Usa,25.7617,-80.1918,29.9,30.5,56,15.3,Sunny,113,2026-03-28 05:46:01.028248,Cálido,Despejado,False
Tokyo,Japan,35.6895,139.6917,12.1,10.5,73,5.9,Cloudy,119,2026-04-15 03:43:01.028291,Frío,Nublado,False
Madrid,Spain,40.4168,-3.7038,15.4,15.7,63,13.1,Partly Cloudy,116,2026-04-09 17:21:01.028331,Frío,Parcialmente nublado,False
Madrid,Spain,40.4168,-3.7038,21.9,20.0,56,12.9,Overcast,122,2026-03-25 18:09:01.028371,Templado,Nublado,False
Sao Paulo,Brazil,-23.5505,-46.6333,23.8,26.5,90,15.4,Light Drizzle,266,2026-03-16 00:25:01.028412,Templado,Lluvia ligera,False
Sao Paulo,Brazil,-23.5505,-46.6333,30.4,30.0,64,12.4,Overcast,122,2026-03-30 15:00:01.028451,Muy cálido,Nublado,False
Miami,Usa,25.7617,-80.1918,30.3,30.8,91,12.7,Sunny,113,2026-04-01 05:04:01.028489,Muy cálido,Despejado,False
Lima,Peru,-12.0464,-77.0428,25.5,25.6,100,13.9,Partly Cloudy,116,2026-03-16 04:11:01.028528,Cálido,Parcialmente nublado,False
Tokyo,Japan,35.6895,139.6917,22.2,23.0,68,12.1,Moderate Rain,302,2026-04-10 18:10:01.028567,Templado,Lluvia moderada,False
Sao Paulo,Brazil,-23.5505,-46.6333,28.0,26.1,84,2.9,Sunny,113,2026-04-07 09:40:01.028715,Cálido,Despejado,False
Miami,Usa,25.7617,-80.1918,28.0,27.5,79,12.6,Partly Cloudy,116,2026-03-25 09:43:01.028843,Cálido,Parcialmente nublado,False
Barranquilla,Colombia,10.9685,-74.7813,25.7,27.0,85,12.8,Cloudy,119,2026-03-26 09:25:01.028913,Cálido,Nublado,False
Lima,Peru,-12.0464,-77.0428,12.9,11.8,100,7.9,Partly Cloudy,116,2026-04-08 20:42:01.028978,Frío,Parcialmente nublado,False
Medellin,Colombia,6.2442,-75.5812,18.4,17.2,66,14.8,Light Rain,293,2026-04-03 22:12:01.029040,Templado,Lluvia ligera,False
Mexico City,Mexico,19.4326,-99.1332,24.5,25.2,80,11.3,Sunny,113,2026-03-17 15:56:01.029193,Cálido,Despejado,False
London,Uk,51.5074,-0.1278,11.8,13.4,83,9.2,Patchy Rain Nearby,176,2026-03-17 14:10:01.029269,Frío,Lluvia ligera,False
Tokyo,Japan,35.6895,139.6917,24.3,25.8,63,7.4,Sunny,113,2026-04-07 01:47:01.029312,Cálido,Despejado,False
Barranquilla,Colombia,10.9685,-74.7813,30.3,30.1,81,12.0,Light Drizzle,266,2026-04-06 10:44:01.029393,Muy cálido,Lluvia ligera,False
Bogota,Colombia,4.711,-74.0721,16.9,19.1,83,10.5,Sunny,113,2026-03-19 06:44:01.029530,Frío,Despejado,False
Tokyo,Japan,35.6895,139.6917,20.4,23.1,65,12.7,Heavy Rain,308,2026-03-25 10:41:01.029700,Templado,Lluvia fuerte,False
Mexico City,Mexico,19.4326,-99.1332,27.3,26.2,76,8.8,Sunny,113,2026-04-01 18:33:01.029758,Cálido,Despejado,False
Sao Paulo,Brazil,-23.5505,-46.6333,26.9,25.9,72,14.7,Sunny,113,2026-04-09 03:29:01.029800,Cálido,Despejado,False
Tokyo,Japan,35.6895,139.6917,26.9,29.1,78,11.0,Partly Cloudy,116,2026-03-19 08:29:01.029839,Cálido,Parcialmente nublado,False
Cartagena,Colombia,10.391,-75.4794,37.0,39.2,90,16.9,Overcast,122,2026-04-07 15:58:01.029883,Muy cálido,Nublado,False
Barranquilla,Colombia,10.9685,-74.7813,21.5,21.5,52,13.2,Cloudy,119,2026-04-03 11:44:01.029922,Templado,Nublado,False
Bogota,Colombia,4.711,-74.0721,16.7,18.6,66,16.1,Partly Cloudy,116,2026-03-29 22:16:01.029961,Frío,Parcialmente nublado,False
Sao Paulo,Brazil,-23.5505,-46.6333,20.6,21.4,80,14.9,Light Drizzle,266,2026-03-21 17:20:01.030087,Templado,Lluvia ligera,False
Barranquilla,Colombia,10.9685,-74.7813,25.5,24.5,73,15.6,Overcast,122,2026-03-21 17:19:01.030145,Cálido,Nublado,False
Sao Paulo,Brazil,-23.5505,-46.6333,21.4,22.3,66,8.5,Cloudy,119,2026-04-13 02:36:01.030185,Templado,Nublado,False
Cali,Colombia,3.4516,-76.532,26.8,26.6,60,15.5,Partly Cloudy,116,2026-03-16 19:00:01.030235,Cálido,Parcialmente nublado,False
Tokyo,Japan,35.6895,139.6917,20.8,18.5,78,4.4,Partly Cloudy,116,2026-03-18 21:46:01.030275,Templado,Parcialmente nublado,False
Mexico City,Mexico,19.4326,-99.1332,25.8,23.9,44,15.7,Overcast,122,2026-03-23 08:50:01.030314,Cálido,Nublado,False
Cali,Colombia,3.4516,-76.532,31.9,35.3,78,9.5,Cloudy,119,2026-03-18 17:20:01.030371,Muy cálido,Nublado,False
Madrid,Spain,40.4168,-3.7038,13.2,12.8,52,1.4,Partly Cloudy,116,2026-03-20 22:37:01.030442,Frío,Parcialmente nublado,False
Madrid,Spain,40.4168,-3.7038,11.5,12.4,67,10.5,Sunny,113,2026-03-20 09:48:01.030492,Frío,Despejado,False
Cartagena,Colombia,10.391,-75.4794,25.2,26.5,71,13.4,Partly Cloudy,116,2026-03-24 21:58:01.030533,Cálido,Parcialmente nublado,False
Barranquilla,Colombia,10.9685,-74.7813,37.1,36.7,70,18.1,Light Drizzle,266,2026-04-13 07:27:01.030573,Muy cálido,Lluvia ligera,False
Medellin,Colombia,6.2442,-75.5812,22.7,23.9,96,4.9,Partly Cloudy,116,2026-03-27 11:55:01.030612,Templado,Parcialmente nublado,False
Mexico City,Mexico,19.4326,-99.1332,23.9,24.5,76,18.3,Overcast,122,2026-03-24 23:52:01.030651,Templado,Nublado,False
Bogota,Colombia,4.711,-74.0721,20.9,22.5,79,14.4,Sunny,113,2026-03-24 07:38:01.030703,Templado,Despejado,False
Lima,Peru,-12.0464,-77.0428,25.2,23.2,87,16.3,Partly Cloudy,116,2026-03-22 17:46:01.030743,Cálido,Parcialmente nublado,False
Tokyo,Japan,35.6895,139.6917,20.0,18.5,55,4.4,Moderate Rain,302,2026-04-09 01:36:01.030782,Templado,Lluvia moderada,False
Mexico City,Mexico,19.4326,-99.1332,24.3,20.3,48,7.3,Patchy Rain Nearby,176,2026-03-29 14:21:01.030821,Cálido,Lluvia ligera,False
Sao Paulo,Brazil,-23.5505,-46.6333,27.5,28.6,62,7.6,Partly Cloudy,116,2026-04-05 04:29:01.030860,Cálido,Parcialmente nublado,False
Mexico City,Mexico,19.4326,-99.1332,22.7,23.9,50,13.9,Moderate Rain,302,2026-04-05 07:00:01.030911,Templado,Lluvia moderada,False
London,Uk,51.5074,-0.1278,16.1,14.6,79,14.6,Light Rain,293,2026-03-26 00:27:01.030952,Frío,Lluvia ligera,False
Cartagena,Colombia,10.391,-75.4794,28.5,26.2,75,3.6,Partly Cloudy,116,2026-04-12 15:21:01.030991,Cálido,Parcialmente nublado,False
Madrid,Spain,40.4168,-3.7038,18.5,17.4,57,0.6,Moderate Rain,302,2026-03-28 09:51:01.031031,Templado,Lluvia moderada,False
Medellin,Colombia,6.2442,-75.5812,21.4,21.5,63,12.6,Sunny,113,2026-04-07 11:24:01.031069,Templado,Despejado,False
Barranquilla,Colombia,10.9685,-74.7813,30.6,30.6,90,9.4,Cloudy,119,2026-04-07 11:44:01.031116,Muy cálido,Nublado,False
London,Uk,51.5074,-0.1278,14.0,13.1,62,14.4,Partly Cloudy,116,2026-04-05 18:10:01.031155,Frío,Parcialmente nublado,False
Bogota,Colombia,4.711,-74.0721,21.1,18.9,74,9.6,Moderate Rain,302,2026-03-16 19:58:01.031194,Templado,Lluvia moderada,False
Tokyo,Japan,35.6895,139.6917,23.5,28.1,74,7.3,Thundery Outbreaks,200,2026-03-28 11:54:01.031233,Templado,Tormenta,True
Mexico City,Mexico,19.4326,-99.1332,19.8,17.7,60,6.8,Overcast,122,2026-03-21 13:45:01.031271,Templado,Nublado,False
Tokyo,Japan,35.6895,139.6917,16.9,15.9,34,1.7,Sunny,113,2026-04-07 18:19:01.031310,Frío,Despejado,False
Cali,Colombia,3.4516,-76.532,25.6,24.5,100,3.5,Partly Cloudy,116,2026-04-12 16:46:01.031351,Cálido,Parcialmente nublado,False
Cali,Colombia,3.4516,-76.532,26.3,24.6,68,7.1,Partly Cloudy,116,2026-03-22 13:08:01.031390,Cálido,Parcialmente nublado,False
Tokyo,Japan,35.6895,139.6917,22.5,24.3,65,0.2,Patchy Rain Nearby,176,2026-04-01 06:46:01.031429,Templado,Lluvia ligera,False
Madrid,Spain,40.4168,-3.7038,12.8,17.0,48,16.9,Cloudy,119,2026-04-08 01:47:01.031468,Frío,Nublado,False
Cali,Colombia,3.4516,-76.532,28.8,24.3,86,16.1,Sunny,113,2026-04-09 04:51:01.031531,Cálido,Despejado,False
Madrid,Spain,40.4168,-3.7038,18.5,17.8,49,8.4,Patchy Rain Nearby,176,2026-03-25 03:32:01.031570,Templado,Lluvia ligera,False
Mexico City,Mexico,19.4326,-99.1332,21.9,19.3,63,2.8,Light Rain,293,2026-03-16 19:46:01.031618,Templado,Lluvia ligera,False
Cali,Colombia,3.4516,-76.532,25.3,24.8,95,0.9,Thundery Outbreaks,200,2026-03-22 16:34:01.031657,Cálido,Tormenta,True
Lima,Peru,-12.0464,-77.0428,22.6,25.3,65,14.7,Cloudy,119,2026-04-10 11:42:01.031695,Templado,Nublado,False
Miami,Usa,25.7617,-80.1918,31.8,33.9,79,19.2,Partly Cloudy,116,2026-04-11 11:28:01.031934,Muy cálido,Parcialmente nublado,False
Medellin,Colombia,6.2442,-75.5812,21.0,17.8,67,6.1,Sunny,113,2026-04-13 15:08:01.032051,Templado,Despejado,False
Madrid,Spain,40.4168,-3.7038,6.9,7.0,56,3.9,Patchy Rain Nearby,176,2026-04-15 00:23:01.032130,Muy frío,Lluvia ligera,False
Bogota,Colombia,4.711,-74.0721,21.3,21.1,62,5.4,Cloudy,119,2026-04-12 21:42:01.032191,Templado,Nublado,False
Miami,Usa,25.7617,-80.1918,29.5,28.6,84,6.7,Light Rain,293,2026-04-14 06:05:01.032254,Cálido,Lluvia ligera,False
Medellin,Colombia,6.2442,-75.5812,16.2,19.5,83,3.9,Cloudy,119,2026-04-05 19:20:01.032343,Frío,Nublado,False
Tokyo,Japan,35.6895,139.6917,22.7,23.5,73,20.1,Patchy Rain Nearby,176,2026-04-10 03:59:01.032400,Templado,Lluvia ligera,False
Bogota,Colombia,4.711,-74.0721,19.2,18.3,61,6.9,Heavy Rain,308,2026-04-03 15:29:01.032456,Templado,Lluvia fuerte,False
Miami,Usa,25.7617,-80.1918,30.7,28.4,58,14.8,Partly Cloudy,116,2026-03-17 10:32:01.032513,Muy cálido,Parcialmente nublado,False
Lima,Peru,-12.0464,-77.0428,23.9,23.1,70,19.6,Partly Cloudy,116,2026-03-18 07:00:01.032575,Templado,Parcialmente nublado,False
Lima,Peru,-12.0464,-77.0428,16.9,14.8,82,19.0,Patchy Snow Showers,392,2026-03-23 12:01:01.032619,Frío,Nieve ligera,False
Medellin,Colombia,6.2442,-75.5812,17.5,19.1,54,9.2,Cloudy,119,2026-04-15 13:05:01.032660,Frío,Nublado,False
Tokyo,Japan,35.6895,139.6917,13.5,12.4,71,17.1,Light Drizzle,266,2026-03-17 19:24:01.032700,Frío,Lluvia ligera,False
Cartagena,Colombia,10.391,-75.4794,33.0,33.8,82,17.6,Cloudy,119,2026-04-04 01:14:01.032741,Muy cálido,Nublado,False
Medellin,Colombia,6.2442,-75.5812,15.6,15.0,75,7.5,Sunny,113,2026-03-21 23:03:01.032803,Frío,Despejado,False
London,Uk,51.5074,-0.1278,20.0,24.0,66,9.1,Sunny,113,2026-03-21 07:41:01.032912,Templado,Despejado,False
Miami,Usa,25.7617,-80.1918,30.1,29.9,82,6.4,Light Drizzle,266,2026-03-25 19:56:01.032989,Muy cálido,Lluvia ligera,False
Cartagena,Colombia,10.391,-75.4794,26.4,30.8,100,6.6,Patchy Rain Nearby,176,2026-04-02 07:08:01.033033,Cálido,Lluvia ligera,False
Barranquilla,Colombia,10.9685,-74.7813,28.5,29.7,87,12.9,Partly Cloudy,116,2026-04-07 07:54:01.033073,Cálido,Parcialmente nublado,False
Cartagena,Colombia,10.391,-75.4794,28.9,28.5,89,9.7,Cloudy,119,2026-03-28 12:05:01.033248,Cálido,Nublado,False
Madrid,Spain,40.4168,-3.7038,14.2,14.4,56,3.4,Overcast,122,2026-03-30 00:13:01.033317,Frío,Nublado,False
Sao Paulo,Brazil,-23.5505,-46.6333,26.7,27.0,92,17.1,Cloudy,119,2026-03-22 10:33:01.033527,Cálido,Nublado,False
Tokyo,Japan,35.6895,139.6917,23.7,20.2,62,1.3,Partly Cloudy,116,2026-04-08 13:47:01.033801,Templado,Parcialmente nublado,False
Lima,Peru,-12.0464,-77.0428,23.7,23.2,84,15.2,Sunny,113,2026-03-24 17:50:01.033870,Templado,Despejado,False
Cali,Colombia,3.4516,-76.532,30.6,31.0,74,2.2,Moderate Rain,302,2026-04-02 18:57:01.033914,Muy cálido,Lluvia moderada,False
Bogota,Colombia,4.711,-74.0721,23.3,23.8,95,13.0,Overcast,122,2026-04-05 10:33:01.034178,Templado,Nublado,False
Barranquilla,Colombia,10.9685,-74.7813,25.7,23.6,74,8.9,Sunny,113,2026-04-10 03:19:01.034258,Cálido,Despejado,False
Madrid,Spain,40.4168,-3.7038,23.6,22.9,59,0.8,Sunny,113,2026-03-31 23:17:01.034307,Templado,Despejado,False
Tokyo,Japan,35.6895,139.6917,22.9,28.4,70,2.1,Sunny,113,2026-03-17 07:46:01.034349,Templado,Despejado,False
Medellin,Colombia,6.2442,-75.5812,23.6,27.8,75,11.2,Thundery Outbreaks,200,2026-04-11 09:46:01.034390,Templado,Tormenta,True
London,Uk,51.5074,-0.1278,10.5,8.9,84,11.5,Cloudy,119,2026-03-20 01:26:01.034439,Frío,Nublado,False
Madrid,Spain,40.4168,-3.7038,14.2,16.5,63,5.3,Partly Cloudy,116,2026-03-25 10:41:01.034479,Frío,Parcialmente nublado,False
Miami,Usa,25.7617,-80.1918,11.5,8.2,71,23.6,Partly Cloudy,116,2026-03-17 01:16:01.034519,Frío,Parcialmente nublado,False
Miami,Usa,25.7617,-80.1918,20.7,20.7,93,17.2,Sunny,113,2026-03-27 06:36:01.034558,Templado,Despejado,False
Lima,Peru,-12.0464,-77.0428,17.3,11.9,81,14.1,Thundery Outbreaks,200,2026-03-28 01:01:01.034597,Frío,Tormenta,True
Sao Paulo,Brazil,-23.5505,-46.6333,26.5,25.9,88,13.5,Thundery Outbreaks,200,2026-03-28 09:13:01.034646,Cálido,Tormenta,True
Medellin,Colombia,6.2442,-75.5812,21.2,22.2,73,11.7,Overcast,122,2026-03-31 09:42:01.034686,Templado,Nublado,False
London,Uk,51.5074,-0.1278,15.9,15.9,67,11.0,Partly Cloudy,116,2026-04-05 10:02:01.034724,Frío,Parcialmente nublado,False
Miami,Usa,25.7617,-80.1918,21.8,18.2,91,19.6,Partly Cloudy,116,2026-03-23 11:53:01.034763,Templado,Parcialmente nublado,False
Lima,Peru,-12.0464,-77.0428,14.3,12.9,86,16.1,Overcast,122,2026-03-30 15:39:01.034812,Frío,Nublado,False
Madrid,Spain,40.4168,-3.7038,16.4,17.9,51,3.2,Sunny,113,2026-03-23 02:49:01.034851,Frío,Despejado,False
Barranquilla,Colombia,10.9685,-74.7813,23.0,22.4,66,18.1,Partly Cloudy,116,2026-04-06 05:21:01.034953,Templado,Parcialmente nublado,False
Medellin,Colombia,6.2442,-75.5812,17.1,15.6,92,11.4,Patchy Rain Nearby,176,2026-03-30 05:43:01.035005,Frío,Lluvia ligera,False
Madrid,Spain,40.4168,-3.7038,18.0,19.7,57,1.0,Sunny,113,2026-03-31 02:43:01.035046,Frío,Despejado,False
London,Uk,51.5074,-0.1278,14.2,15.3,78,10.5,Heavy Rain,308,2026-04-14 16:05:01.035086,Frío,Lluvia fuerte,False
London,Uk,51.5074,-0.1278,15.3,16.1,79,13.2,Heavy Rain,308,2026-04-14 07:18:01.035142,Frío,Lluvia fuerte,False
Medellin,Colombia,6.2442,-75.5812,26.5,23.6,68,8.1,Patchy Rain Nearby,176,2026-03-18 18:33:01.035181,Cálido,Lluvia ligera,False
Lima,Peru,-12.0464,-77.0428,21.6,20.9,67,16.6,Sunny,113,2026-03-16 22:54:01.035220,Templado,Despejado,False
Cali,Colombia,3.4516,-76.532,20.8,22.7,69,11.4,Patchy Rain Nearby,176,2026-04-07 02:51:01.035259,Templado,Lluvia ligera,False
Medellin,Colombia,6.2442,-75.5812,24.3,24.1,73,19.7,Partly Cloudy,116,2026-03-23 23:08:01.035297,Cálido,Parcialmente nublado,False
Sao Paulo,Brazil,-23.5505,-46.6333,25.8,24.2,79,7.7,Partly Cloudy,116,2026-04-13 07:53:01.035335,Cálido,Parcialmente nublado,False
Miami,Usa,25.7617,-80.1918,31.7,31.7,84,16.3,Sunny,113,2026-03-26 19:35:01.035372,Muy cálido,Despejado,False
Tokyo,Japan,35.6895,139.6917,15.5,14.9,49,6.0,Cloudy,119,2026-03-24 05:08:01.035410,Frío,Nublado,False
Miami,Usa,25.7617,-80.1918,37.0,37.5,87,22.4,Partly Cloudy,116,2026-03-19 13:06:01.035449,Muy cálido,Parcialmente nublado,False
Madrid,Spain,40.4168,-3.7038,14.5,12.9,60,9.6,Sunny,113,2026-03-20 05:24:01.035487,Frío,Despejado,False
Madrid,Spain,40.4168,-3.7038,23.7,27.0,44,7.4,Partly Cloudy,116,2026-03-21 09:09:01.035536,Templado,Parcialmente nublado,False
Tokyo,Japan,35.6895,139.6917,18.0,18.9,84,7.8,Sunny,113,2026-03-17 18:23:01.035653,Frío,Despejado,False
Lima,Peru,-12.0464,-77.0428,20.8,20.6,60,8.8,Sunny,113,2026-03-16 21:21:01.035699,Templado,Despejado,False
Madrid,Spain,40.4168,-3.7038,19.8,20.4,49,4.4,Sunny,113,2026-03-18 11:10:01.035739,Templado,Despejado,False
Madrid,Spain,40.4168,-3.7038,19.4,22.3,70,1.9,Light Drizzle,266,2026-03-23 20:22:01.035779,Templado,Lluvia ligera,False
Bogota,Colombia,4.711,-74.0721,15.6,16.6,83,11.4,Sunny,113,2026-03-26 08:38:01.035817,Frío,Despejado,False
Tokyo,Japan,35.6895,139.6917,19.2,20.8,55,9.7,Partly Cloudy,116,2026-03-31 06:41:01.035855,Templado,Parcialmente nublado,False
Tokyo,Japan,35.6895,139.6917,22.1,22.7,70,9.0,Patchy Rain Nearby,176,2026-03-30 08:32:01.035894,Templado,Lluvia ligera,False
Sao Paulo,Brazil,-23.5505,-46.6333,20.7,21.4,70,1.0,Partly Cloudy,116,2026-04-06 06:13:01.035933,Templado,Parcialmente nublado,False
Miami,Usa,25.7617,-80.1918,35.8,37.2,83,15.1,Cloudy,119,2026-04-11 20:48:01.035971,Muy cálido,Nublado,False
Lima,Peru,-12.0464,-77.0428,24.1,23.1,84,13.3,Cloudy,119,2026-04-04 20:40:01.036025,Cálido,Nublado,False
London,Uk,51.5074,-0.1278,12.6,9.9,73,14.2,Heavy Rain,308,2026-03-30 18:19:01.036065,Frío,Lluvia fuerte,False
Cartagena,Colombia,10.391,-75.4794,29.1,28.3,88,24.0,Cloudy,119,2026-04-10 23:33:01.036104,Cálido,Nublado,False
Barranquilla,Colombia,10.9685,-74.7813,28.4,25.0,59,11.3,Patchy Rain Nearby,176,2026-04-04 11:10:01.036143,Cálido,Lluvia ligera,False
Tokyo,Japan,35.6895,139.6917,21.1,19.9,79,9.8,Sunny,113,2026-03-25 03:07:01.036182,Templado,Despejado,False
Bogota,Colombia,4.711,-74.0721,15.9,18.8,72,21.0,Light Drizzle,266,2026-03-21 19:53:01.036220,Frío,Lluvia ligera,False
Mexico City,Mexico,19.4326,-99.1332,26.4,28.4,69,7.1,Patchy Rain Nearby,176,2026-03-16 19:45:01.036259,Cálido,Lluvia ligera,False
Sao Paulo,Brazil,-23.5505,-46.6333,20.2,22.6,83,13.9,Light Rain,293,2026-03-24 16:52:01.036297,Templado,Lluvia ligera,False
Tokyo,Japan,35.6895,139.6917,25.8,27.0,62,1.6,Partly Cloudy,116,2026-04-12 04:56:01.036334,Cálido,Parcialmente nublado,False
London,Uk,51.5074,-0.1278,10.0,6.7,79,8.7,Cloudy,119,2026-04-08 02:21:01.036374,Muy frío,Nublado,False
Cartagena,Colombia,10.391,-75.4794,26.7,26.0,67,13.5,Partly Cloudy,116,2026-04-07 19:22:01.036423,Cálido,Parcialmente nublado,False
Barranquilla,Colombia,10.9685,-74.7813,32.3,34.5,100,6.6,Thundery Outbreaks,200,2026-04-10 04:55:01.036464,Muy cálido,Tormenta,True
Lima,Peru,-12.0464,-77.0428,22.4,23.6,81,11.6,Sunny,113,2026-04-12 18:54:01.036503,Templado,Despejado,False
Medellin,Colombia,6.2442,-75.5812,32.8,29.9,77,15.6,Overcast,122,2026-04-15 18:09:01.036541,Muy cálido,Nublado,False
Bogota,Colombia,4.711,-74.0721,16.0,16.6,74,7.5,Light Rain,293,2026-04-04 00:48:01.036580,Frío,Lluvia ligera,False
Bogota,Colombia,4.711,-74.0721,10.6,11.0,64,10.4,Sunny,113,2026-04-08 14:40:01.036619,Frío,Despejado,False
Medellin,Colombia,6.2442,-75.5812,20.9,17.0,55,7.9,Partly Cloudy,116,2026-03-29 18:25:01.036681,Templado,Parcialmente nublado,False
Tokyo,Japan,35.6895,139.6917,17.9,17.9,58,13.6,Overcast,122,2026-03-22 08:02:01.036720,Frío,Nublado,False
Madrid,Spain,40.4168,-3.7038,19.5,22.0,43,7.9,Sunny,113,2026-04-08 23:46:01.036759,Templado,Despejado,False
Miami,Usa,25.7617,-80.1918,22.7,21.2,87,16.9,Cloudy,119,2026-03-19 02:14:01.036816,Templado,Nublado,False
Cali,Colombia,3.4516,-76.532,27.5,28.8,81,5.2,Partly Cloudy,116,2026-04-13 18:19:01.036880,Cálido,Parcialmente nublado,False
Barranquilla,Colombia,10.9685,-74.7813,25.7,26.3,71,16.1,Sunny,113,2026-04-07 19:39:01.036918,Cálido,Despejado,False
Cartagena,Colombia,10.391,-75.4794,31.5,29.7,79,10.6,Moderate Rain,302,2026-04-03 06:35:01.036957,Muy cálido,Lluvia moderada,False
Barranquilla,Colombia,10.9685,-74.7813,31.1,32.6,88,14.9,Partly Cloudy,116,2026-03-19 17:30:01.036996,Muy cálido,Parcialmente nublado,False
Sao Paulo,Brazil,-23.5505,-46.6333,24.3,23.9,88,14.6,Heavy Snow,395,2026-04-08 15:40:01.037044,Cálido,Nieve fuerte,True
Barranquilla,Colombia,10.9685,-74.7813,24.8,26.3,78,5.8,Moderate Rain,302,2026-04-13 02:37:01.037094,Cálido,Lluvia moderada,False
Medellin,Colombia,6.2442,-75.5812,23.0,20.7,55,9.2,Partly Cloudy,116,2026-04-15 00:06:01.037179,Templado,Parcialmente nublado,False
Cartagena,Colombia,10.391,-75.4794,27.6,26.8,77,8.6,Cloudy,119,2026-03-23 00:50:01.037219,Cálido,Nublado,False
Mexico City,Mexico,19.4326,-99.1332,26.2,27.3,58,11.1,Patchy Rain Nearby,176,2026-03-17 06:05:01.037258,Cálido,Lluvia ligera,False
London,Uk,51.5074,-0.1278,16.6,14.8,71,12.5,Sunny,113,2026-03-26 22:56:01.037296,Frío,Despejado,False
Madrid,Spain,40.4168,-3.7038,14.5,16.1,77,3.0,Moderate Rain,302,2026-03-21 23:54:01.037352,Frío,Lluvia moderada,False
Cartagena,Colombia,10.391,-75.4794,28.7,30.1,78,9.5,Sunny,113,2026-03-23 06:25:01.037433,Cálido,Despejado,False
Tokyo,Japan,35.6895,139.6917,22.5,22.9,52,6.1,Sunny,113,2026-04-05 06:49:01.037510,Templado,Despejado,False
Mexico City,Mexico,19.4326,-99.1332,26.4,29.0,63,14.0,Heavy Snow,395,2026-03-28 14:54:01.037554,Cálido,Nieve fuerte,True
Cali,Colombia,3.4516,-76.532,26.5,22.4,63,1.7,Cloudy,119,2026-03-24 04:21:01.037593,Cálido,Nublado,False
Barranquilla,Colombia,10.9685,-74.7813,34.3,35.5,63,2.5,Light Drizzle,266,2026-04-08 05:48:01.037633,Muy cálido,Lluvia ligera,False
Barranquilla,Colombia,10.9685,-74.7813,26.2,25.8,76,10.9,Sunny,113,2026-03-18 17:19:01.037672,Cálido,Despejado,False
Tokyo,Japan,35.6895,139.6917,24.0,22.3,81,9.6,Patchy Rain Nearby,176,2026-04-12 18:53:01.037711,Templado,Lluvia ligera,False
Madrid,Spain,40.4168,-3.7038,16.0,15.2,54,0.6,Overcast,122,2026-04-01 05:33:01.037750,Frío,Nublado,False
Mexico City,Mexico,19.4326,-99.1332,24.0,23.3,71,6.6,Patchy Snow Showers,392,2026-04-07 20:31:01.037789,Templado,Nieve ligera,False
Barranquilla,Colombia,10.9685,-74.7813,30.1,32.2,57,8.6,Heavy Rain,308,2026-03-25 16:28:01.037845,Muy cálido,Lluvia fuerte,False
Tokyo,Japan,35.6895,139.6917,26.3,24.9,82,9.7,Thundery Outbreaks,200,2026-03-27 06:25:01.037885,Cálido,Tormenta,True
Sao Paulo,Brazil,-23.5505,-46.6333,19.2,19.5,69,15.9,Sunny,113,2026-03-19 22:21:01.037923,Templado,Despejado,False
Barranquilla,Colombia,10.9685,-74.7813,32.3,31.3,74,12.6,Thundery Outbreaks,200,2026-03-23 23:00:01.037961,Muy cálido,Tormenta,True
Tokyo,Japan,35.6895,139.6917,14.1,16.6,83,3.8,Patchy Rain Nearby,176,2026-04-14 12:41:01.038000,Frío,Lluvia ligera,False
Mexico City,Mexico,19.4326,-99.1332,25.7,23.0,70,5.4,Moderate Rain,302,2026-03-21 06:58:01.038308,Cálido,Lluvia moderada,False
London,Uk,51.5074,-0.1278,12.7,10.7,92,13.6,Cloudy,119,2026-03-25 02:15:01.038444,Frío,Nublado,False
Sao Paulo,Brazil,-23.5505,-46.6333,23.1,21.6,77,11.1,Sunny,113,2026-04-03 06:17:01.038709,Templado,Despejado,False
Cali,Colombia,3.4516,-76.532,32.1,33.5,57,1.3,Overcast,122,2026-03-27 14:32:01.038798,Muy cálido,Nublado,False
Sao Paulo,Brazil,-23.5505,-46.6333,24.6,24.3,100,10.0,Partly Cloudy,116,2026-03-17 11:29:01.038891,Cálido,Parcialmente nublado,False
Barranquilla,Colombia,10.9685,-74.7813,26.6,23.7,51,15.5,Sunny,113,2026-03-27 05:50:01.039004,Cálido,Despejado,False
Lima,Peru,-12.0464,-77.0428,22.9,22.2,90,13.5,Cloudy,119,2026-04-15 19:21:01.039050,Templado,Nublado,False
Madrid,Spain,40.4168,-3.7038,19.7,19.2,55,12.5,Patchy Rain Nearby,176,2026-03-20 21:32:01.039092,Templado,Lluvia ligera,False
Barranquilla,Colombia,10.9685,-74.7813,31.8,32.9,77,15.7,Cloudy,119,2026-04-04 05:37:01.039131,Muy cálido,Nublado,False
Sao Paulo,Brazil,-23.5505,-46.6333,24.0,27.7,75,14.3,Sunny,113,2026-04-12 01:17:01.039170,Templado,Despejado,False
Madrid,Spain,40.4168,-3.7038,21.2,19.1,81,10.2,Thundery Outbreaks,200,2026-04-04 10:09:01.039210,Templado,Tormenta,True
London,Uk,51.5074,-0.1278,15.7,13.6,58,14.9,Overcast,122,2026-04-10 22:41:01.039248,Frío,Nublado,False
Cartagena,Colombia,10.391,-75.4794,32.1,32.6,71,12.5,Sunny,113,2026-03-19 17:11:01.039287,Muy cálido,Despejado,False
Sao Paulo,Brazil,-23.5505,-46.6333,27.0,24.9,62,13.6,Overcast,122,2026-03-22 17:51:01.039327,Cálido,Nublado,False
Medellin,Colombia,6.2442,-75.5812,21.7,23.1,63,7.0,Light Rain,293,2026-03-22 22:07:01.039623,Templado,Lluvia ligera,False
Cali,Colombia,3.4516,-76.532,25.7,25.1,78,2.8,Thundery Outbreaks,200,2026-03-18 08:58:01.039764,Cálido,Tormenta,True
Bogota,Colombia,4.711,-74.0721,17.9,17.9,93,5.2,Partly Cloudy,116,2026-03-19 01:49:01.039843,Frío,Parcialmente nublado,False
London,Uk,51.5074,-0.1278,14.9,14.1,50,5.3,Partly Cloudy,116,2026-03-16 05:10:01.039891,Frío,Parcialmente nublado,False
Tokyo,Japan,35.6895,139.6917,26.6,24.2,78,4.3,Partly Cloudy,116,2026-04-02 20:59:01.039931,Cálido,Parcialmente nublado,False
Sao Paulo,Brazil,-23.5505,-46.6333,17.7,17.8,58,16.8,Partly Cloudy,116,2026-04-13 15:08:01.039981,Frío,Parcialmente nublado,False
Madrid,Spain,40.4168,-3.7038,14.8,14.8,76,8.7,Patchy Rain Nearby,176,2026-03-21 10:38:01.040022,Frío,Lluvia ligera,False
Mexico City,Mexico,19.4326,-99.1332,18.8,16.7,56,7.7,Patchy Rain Nearby,176,2026-03-25 06:38:01.040062,Templado,Lluvia ligera,False
Barranquilla,Colombia,10.9685,-74.7813,28.7,30.3,80,3.6,Cloudy,119,2026-03-26 22:53:01.040118,Cálido,Nublado,False
Mexico City,Mexico,19.4326,-99.1332,17.4,18.6,69,4.6,Partly Cloudy,116,2026-03-17 12:38:01.040158,Frío,Parcialmente nublado,False
Sao Paulo,Brazil,-23.5505,-46.6333,21.6,20.4,62,15.0,Light Drizzle,266,2026-03-19 19:34:01.040197,Templado,Lluvia ligera,False
Miami,Usa,25.7617,-80.1918,27.5,29.7,68,11.9,Heavy Rain,308,2026-04-07 03:20:01.040312,Cálido,Lluvia fuerte,False
Sao Paulo,Brazil,-23.5505,-46.6333,30.3,29.2,90,11.0,Sunny,113,2026-03-24 04:43:01.040370,Muy cálido,Despejado,False
Barranquilla,Colombia,10.9685,-74.7813,34.5,34.2,82,16.1,Overcast,122,2026-04-04 18:55:01.040419,Muy cálido,Nublado,False
Cartagena,Colombia,10.391,-75.4794,31.8,29.8,75,14.2,Sunny,113,2026-03-28 20:41:01.040459,Muy cálido,Despejado,False
London,Uk,51.5074,-0.1278,18.2,18.2,84,2.1,Sunny,113,2026-03-23 05:51:01.040499,Templado,Despejado,False
Mexico City,Mexico,19.4326,-99.1332,34.9,35.9,41,9.7,Sunny,113,2026-03-19 16:05:01.040538,Muy cálido,Despejado,False
Cali,Colombia,3.4516,-76.532,29.0,26.8,48,3.6,Patchy Snow Showers,392,2026-04-02 06:22:01.040577,Cálido,Nieve ligera,False
London,Uk,51.5074,-0.1278,16.7,17.8,59,8.6,Overcast,122,2026-03-17 21:19:01.040615,Frío,Nublado,False
Bogota,Colombia,4.711,-74.0721,14.0,12.0,68,11.9,Cloudy,119,2026-04-14 21:02:01.040652,Frío,Nublado,False
Bogota,Colombia,4.711,-74.0721,15.2,14.9,80,15.6,Patchy Rain Nearby,176,2026-04-07 23:24:01.040691,Frío,Lluvia ligera,False
Cali,Colombia,3.4516,-76.532,22.6,21.3,70,10.3,Light Drizzle,266,2026-03-26 02:25:01.040751,Templado,Lluvia ligera,False
Lima,Peru,-12.0464,-77.0428,17.4,18.3,68,10.4,Overcast,122,2026-04-06 18:56:01.040830,Frío,Nublado,False
Bogota,Colombia,4.711,-74.0721,16.5,16.7,69,15.3,Partly Cloudy,116,2026-03-28 01:37:01.040870,Frío,Parcialmente nublado,False
Cartagena,Colombia,10.391,-75.4794,41.7,41.7,81,13.4,Patchy Rain Nearby,176,2026-04-07 13:54:01.040909,Muy cálido,Lluvia ligera,False
Tokyo,Japan,35.6895,139.6917,25.8,29.2,80,5.2,Sunny,113,2026-04-15 02:31:01.040947,Cálido,Despejado,False
Miami,Usa,25.7617,-80.1918,30.6,30.4,78,12.8,Patchy Rain Nearby,176,2026-04-12 21:48:01.040985,Muy cálido,Lluvia ligera,False
Miami,Usa,25.7617,-80.1918,29.6,34.0,88,16.2,Cloudy,119,2026-04-13 13:06:01.041026,Cálido,Nublado,False
Madrid,Spain,40.4168,-3.7038,20.1,19.8,62,11.8,Patchy Rain Nearby,176,2026-03-19 01:00:01.041064,Templado,Lluvia ligera,False
London,Uk,51.5074,-0.1278,12.9,11.1,76,4.2,Partly Cloudy,116,2026-03-21 09:25:01.041171,Frío,Parcialmente nublado,False
Miami,Usa,25.7617,-80.1918,32.2,32.3,62,17.4,Heavy Snow,395,2026-04-08 16:26:01.041215,Muy cálido,Nieve fuerte,True
Cartagena,Colombia,10.391,-75.4794,34.3,32.2,77,17.0,Heavy Rain,308,2026-03-25 17:13:01.041267,Muy cálido,Lluvia fuerte,False
Cali,Colombia,3.4516,-76.532,24.2,23.9,76,9.8,Partly Cloudy,116,2026-03-25 16:08:01.041307,Cálido,Parcialmente nublado,False
Tokyo,Japan,35.6895,139.6917,25.3,26.2,60,8.6,Overcast,122,2026-03-26 02:22:01.041345,Cálido,Nublado,False
London,Uk,51.5074,-0.1278,21.5,19.2,72,10.6,Sunny,113,2026-03-28 07:20:01.041386,Templado,Despejado,False
Mexico City,Mexico,19.4326,-99.1332,24.1,25.2,60,5.5,Overcast,122,2026-03-27 06:24:01.041440,Cálido,Nublado,False
Mexico City,Mexico,19.4326,-99.1332,25.9,23.5,83,15.0,Light Drizzle,266,2026-03-21 23:01:01.041480,Cálido,Lluvia ligera,False
Barranquilla,Colombia,10.9685,-74.7813,26.3,23.9,58,15.6,Patchy Snow Showers,392,2026-03-17 12:39:01.041610,Cálido,Nieve ligera,False
Cartagena,Colombia,10.391,-75.4794,32.5,32.3,96,12.2,Sunny,113,2026-04-14 14:57:01.041711,Muy cálido,Despejado,False
Bogota,Colombia,4.711,-74.0721,20.6,22.2,76,5.7,Cloudy,119,2026-03-27 10:26:01.041779,Templado,Nublado,False
Bogota,Colombia,4.711,-74.0721,18.7,21.1,79,7.4,Overcast,122,2026-03-23 20:14:01.041832,Templado,Nublado,False
Miami,Usa,25.7617,-80.1918,24.6,25.2,87,7.4,Light Rain,293,2026-04-15 12:24:01.041892,Cálido,Lluvia ligera,False
Tokyo,Japan,35.6895,139.6917,16.9,18.5,65,5.5,Cloudy,119,2026-04-12 23:18:01.041940,Frío,Nublado,False
Miami,Usa,25.7617,-80.1918,29.5,29.7,71,19.4,Cloudy,119,2026-03-26 13:01:01.041982,Cálido,Nublado,False
Barranquilla,Colombia,10.9685,-74.7813,25.4,25.1,83,11.2,Cloudy,119,2026-03-31 03:40:01.042027,Cálido,Nublado,False
Bogota,Colombia,4.711,-74.0721,17.7,18.7,76,12.2,Sunny,113,2026-04-12 09:16:01.042066,Frío,Despejado,False
Cartagena,Colombia,10.391,-75.4794,33.4,34.7,96,19.4,Cloudy,119,2026-03-31 23:15:01.042105,Muy cálido,Nublado,False
London,Uk,51.5074,-0.1278,10.2,7.7,61,10.7,Light Drizzle,266,2026-04-03 05:34:01.042143,Frío,Lluvia ligera,False
Lima,Peru,-12.0464,-77.0428,25.1,21.7,66,18.6,Patchy Rain Nearby,176,2026-03-20 11:32:01.042220,Cálido,Lluvia ligera,False
Madrid,Spain,40.4168,-3.7038,14.7,13.4,66,6.2,Heavy Rain,308,2026-04-11 19:05:01.042298,Frío,Lluvia fuerte,False
Lima,Peru,-12.0464,-77.0428,22.3,18.8,62,18.3,Cloudy,119,2026-04-05 19:51:01.042341,Templado,Nublado,False
Madrid,Spain,40.4168,-3.7038,8.3,11.6,68,14.0,Patchy Rain Nearby,176,2026-03-26 08:29:01.042396,Muy frío,Lluvia ligera,False
Sao Paulo,Brazil,-23.5505,-46.6333,23.5,23.6,64,13.6,Patchy Rain Nearby,176,2026-04-08 17:44:01.042436,Templado,Lluvia ligera,False
Bogota,Colombia,4.711,-74.0721,18.1,21.1,85,13.8,Partly Cloudy,116,2026-04-01 13:57:01.042474,Templado,Parcialmente nublado,False
Bogota,Colombia,4.711,-74.0721,15.1,16.7,86,4.1,Sunny,113,2026-04-15 06:42:01.042513,Frío,Despejado,False
Barranquilla,Colombia,10.9685,-74.7813,32.3,31.6,91,11.7,Thundery Outbreaks,200,2026-04-15 16:54:01.042566,Muy cálido,Tormenta,True
Bogota,Colombia,4.711,-74.0721,16.4,15.5,62,8.8,Overcast,122,2026-04-13 11:24:01.042608,Frío,Nublado,False
Mexico City,Mexico,19.4326,-99.1332,28.0,25.8,85,10.2,Sunny,113,2026-04-06 02:50:01.042647,Cálido,Despejado,False
Miami,Usa,25.7617,-80.1918,31.9,32.4,82,13.9,Partly Cloudy,116,2026-04-02 06:25:01.042685,Muy cálido,Parcialmente nublado,False
Miami,Usa,25.7617,-80.1918,28.9,29.0,65,18.5,Light Drizzle,266,2026-04-06 02:46:01.042725,Cálido,Lluvia ligera,False
Medellin,Colombia,6.2442,-75.5812,20.7,21.1,64,13.2,Cloudy,119,2026-03-31 08:00:01.042795,Templado,Nublado,False
Cali,Colombia,3.4516,-76.532,29.5,27.9,73,6.4,Overcast,122,2026-04-13 18:20:01.042845,Cálido,Nublado,False
Tokyo,Japan,35.6895,139.6917,15.9,13.6,75,3.9,Patchy Rain Nearby,176,2026-04-07 06:32:01.042885,Frío,Lluvia ligera,False
Lima,Peru,-12.0464,-77.0428,24.6,25.6,96,8.9,Partly Cloudy,116,2026-04-05 14:36:01.042924,Cálido,Parcialmente nublado,False
London,Uk,51.5074,-0.1278,16.6,20.1,78,15.4,Cloudy,119,2026-04-11 11:16:01.042963,Frío,Nublado,False
Madrid,Spain,40.4168,-3.7038,13.7,13.3,65,4.6,Partly Cloudy,116,2026-03-17 22:08:01.043001,Frío,Parcialmente nublado,False
Cali,Colombia,3.4516,-76.532,22.2,23.8,81,10.4,Cloudy,119,2026-03-29 18:10:01.043040,Templado,Nublado,False
Mexico City,Mexico,19.4326,-99.1332,23.4,22.7,65,8.5,Light Drizzle,266,2026-03-18 09:34:01.043079,Templado,Lluvia ligera,False
Cali,Colombia,3.4516,-76.532,24.3,23.2,84,7.4,Sunny,113,2026-03-20 12:33:01.043118,Cálido,Despejado,False
Sao Paulo,Brazil,-23.5505,-46.6333,21.1,21.5,87,12.1,Patchy Rain Nearby,176,2026-04-05 04:02:01.043157,Templado,Lluvia ligera,False
London,Uk,51.5074,-0.1278,18.8,20.8,89,6.4,Cloudy,119,2026-04-02 11:29:01.043196,Templado,Nublado,False
Mexico City,Mexico,19.4326,-99.1332,27.1,28.5,64,11.1,Partly Cloudy,116,2026-03-30 10:34:01.043244,Cálido,Parcialmente nublado,False
Barranquilla,Colombia,10.9685,-74.7813,31.3,30.5,90,14.3,Partly Cloudy,116,2026-03-29 20:29:01.043283,Muy cálido,Parcialmente nublado,False
Lima,Peru,-12.0464,-77.0428,20.6,21.2,87,15.7,Light Rain,293,2026-04-10 19:52:01.043322,Templado,Lluvia ligera,False
Lima,Peru,-12.0464,-77.0428,24.0,25.5,71,11.0,Overcast,122,2026-04-06 15:37:01.043425,Templado,Nublado,False
Cali,Colombia,3.4516,-76.532,15.7,17.7,74,3.3,Overcast,122,2026-03-18 09:21:01.043492,Frío,Nublado,False
Madrid,Spain,40.4168,-3.7038,21.4,19.1,68,0.7,Partly Cloudy,116,2026-04-10 23:52:01.043536,Templado,Parcialmente nublado,False
Madrid,Spain,40.4168,-3.7038,13.8,14.9,56,2.1,Overcast,122,2026-04-11 07:13:01.043576,Frío,Nublado,False
Bogota,Colombia,4.711,-74.0721,16.4,13.5,87,7.5,Partly Cloudy,116,2026-03-23 18:12:01.043615,Frío,Parcialmente nublado,False
Cartagena,Colombia,10.391,-75.4794,26.4,28.4,88,7.0,Heavy Rain,308,2026-03-19 20:14:01.043654,Cálido,Lluvia fuerte,False
Medellin,Colombia,6.2442,-75.5812,19.8,17.9,84,16.4,Overcast,122,2026-04-11 09:39:01.043693,Templado,Nublado,False
Madrid,Spain,40.4168,-3.7038,23.2,23.0,81,15.7,Overcast,122,2026-03-28 12:17:01.043749,Templado,Nublado,False
Tokyo,Japan,35.6895,139.6917,28.3,28.7,68,5.4,Partly Cloudy,116,2026-03-30 16:31:01.043788,Cálido,Parcialmente nublado,False
Cali,Colombia,3.4516,-76.532,26.7,26.4,73,6.1,Cloudy,119,2026-04-04 15:23:01.043827,Cálido,Nublado,False
Miami,Usa,25.7617,-80.1918,30.3,25.8,97,14.6,Heavy Rain,308,2026-04-11 13:08:01.043866,Muy cálido,Lluvia fuerte,False
Sao Paulo,Brazil,-23.5505,-46.6333,23.0,23.7,82,8.2,Patchy Rain Nearby,176,2026-04-03 18:53:01.043914,Templado,Lluvia ligera,False
London,Uk,51.5074,-0.1278,15.5,16.7,62,6.2,Sunny,113,2026-04-09 14:28:01.043953,Frío,Despejado,False
Sao Paulo,Brazil,-23.5505,-46.6333,23.7,23.7,64,15.2,Partly Cloudy,116,2026-04-04 05:44:01.043991,Templado,Parcialmente nublado,False
Barranquilla,Colombia,10.9685,-74.7813,34.2,37.4,75,15.5,Sunny,113,2026-03-31 15:58:01.044030,Muy cálido,Despejado,False
Lima,Peru,-12.0464,-77.0428,20.8,22.8,65,15.6,Light Drizzle,266,2026-04-06 02:17:01.044068,Templado,Lluvia ligera,False
Medellin,Colombia,6.2442,-75.5812,19.6,18.7,88,11.1,Partly Cloudy,116,2026-03-26 02:25:01.044106,Templado,Parcialmente nublado,False
Sao Paulo,Brazil,-23.5505,-46.6333,26.9,27.2,88,3.5,Cloudy,119,2026-03-20 14:01:01.044157,Cálido,Nublado,False
Mexico City,Mexico,19.4326,-99.1332,27.6,29.4,53,4.6,Partly Cloudy,116,2026-04-10 04:04:01.044196,Cálido,Parcialmente nublado,False
Tokyo,Japan,35.6895,139.6917,20.5,18.8,46,7.0,Overcast,122,2026-03-20 22:23:01.044417,Templado,Nublado,False
Madrid,Spain,40.4168,-3.7038,16.2,15.2,47,0.2,Cloudy,119,2026-03-21 08:51:01.044489,Frío,Nublado,False
Cartagena,Colombia,10.391,-75.4794,34.5,34.2,84,15.4,Partly Cloudy,116,2026-04-14 16:20:01.044532,Muy cálido,Parcialmente nublado,False
Cali,Colombia,3.4516,-76.532,21.5,21.9,57,10.7,Cloudy,119,2026-04-01 02:27:01.044573,Templado,Nublado,False
Miami,Usa,25.7617,-80.1918,30.6,32.8,91,9.6,Partly Cloudy,116,2026-04-06 22:43:01.044612,Muy cálido,Parcialmente nublado,False
Mexico City,Mexico,19.4326,-99.1332,30.7,29.5,76,6.4,Cloudy,119,2026-03-30 02:09:01.044652,Muy cálido,Nublado,False
Lima,Peru,-12.0464,-77.0428,23.9,19.9,67,10.5,Cloudy,119,2026-04-08 08:22:01.044691,Templado,Nublado,False
Sao Paulo,Brazil,-23.5505,-46.6333,30.1,29.8,57,13.7,Light Drizzle,266,2026-03-23 17:25:01.044729,Muy cálido,Lluvia ligera,False
Cartagena,Colombia,10.391,-75.4794,30.0,28.8,96,10.7,Sunny,113,2026-04-09 06:12:01.044801,Cálido,Despejado,False
Lima,Peru,-12.0464,-77.0428,18.4,17.6,64,21.8,Sunny,113,2026-04-03 13:57:01.044841,Templado,Despejado,False
Madrid,Spain,40.4168,-3.7038,18.2,17.3,59,12.6,Moderate Rain,302,2026-03-18 19:11:01.044880,Templado,Lluvia moderada,False
Medellin,Colombia,6.2442,-75.5812,18.6,17.2,59,12.1,Patchy Rain Nearby,176,2026-04-02 11:32:01.044920,Templado,Lluvia ligera,False
Cali,Colombia,3.4516,-76.532,26.9,27.1,98,4.3,Patchy Rain Nearby,176,2026-04-03 23:20:01.044958,Cálido,Lluvia ligera,False
Sao Paulo,Brazil,-23.5505,-46.6333,30.7,29.2,66,3.2,Cloudy,119,2026-04-13 09:54:01.044997,Muy cálido,Nublado,False
Cali,Colombia,3.4516,-76.532,31.5,31.2,78,10.7,Cloudy,119,2026-03-19 03:43:01.045035,Muy cálido,Nublado,False
Barranquilla,Colombia,10.9685,-74.7813,31.7,31.2,90,9.8,Partly Cloudy,116,2026-03-27 07:17:01.045073,Muy cálido,Parcialmente nublado,False
London,Uk,51.5074,-0.1278,7.8,8.7,79,12.1,Patchy Rain Nearby,176,2026-03-24 11:08:01.045157,Muy frío,Lluvia ligera,False
Cali,Colombia,3.4516,-76.532,25.0,26.1,76,10.0,Heavy Snow,395,2026-03-31 07:19:01.045244,Cálido,Nieve fuerte,True
Cartagena,Colombia,10.391,-75.4794,35.1,36.3,69,4.6,Sunny,113,2026-04-07 19:34:01.045341,Muy cálido,Despejado,False
Medellin,Colombia,6.2442,-75.5812,23.9,26.8,89,0.6,Light Rain,293,2026-03-27 16:23:01.045387,Templado,Lluvia ligera,False
Barranquilla,Colombia,10.9685,-74.7813,25.4,27.7,80,16.1,Light Rain,293,2026-03-16 15:12:01.045428,Cálido,Lluvia ligera,False
Lima,Peru,-12.0464,-77.0428,23.9,24.3,92,6.9,Light Drizzle,266,2026-04-11 02:57:01.045467,Templado,Lluvia ligera,False
Cali,Colombia,3.4516,-76.532,22.6,24.3,83,3.7,Sunny,113,2026-04-02 13:46:01.045506,Templado,Despejado,False
Lima,Peru,-12.0464,-77.0428,22.8,23.2,100,14.4,Overcast,122,2026-04-08 20:59:01.045545,Templado,Nublado,False
Lima,Peru,-12.0464,-77.0428,17.0,11.3,81,9.8,Partly Cloudy,116,2026-04-13 18:23:01.045583,Frío,Parcialmente nublado,False
Barranquilla,Colombia,10.9685,-74.7813,31.1,26.5,92,15.6,Partly Cloudy,116,2026-04-08 21:50:01.045623,Muy cálido,Parcialmente nublado,False
Cartagena,Colombia,10.391,-75.4794,29.8,28.7,77,16.3,Sunny,113,2026-03-31 19:54:01.045662,Cálido,Despejado,False
Medellin,Colombia,6.2442,-75.5812,27.3,28.1,62,10.6,Cloudy,119,2026-03-21 04:45:01.045712,Cálido,Nublado,False
London,Uk,51.5074,-0.1278,5.7,7.3,76,19.4,Cloudy,119,2026-03-17 01:21:01.045788,Muy frío,Nublado,False
Bogota,Colombia,4.711,-74.0721,17.6,16.6,74,1.3,Moderate Rain,302,2026-03-26 15:20:01.045831,Frío,Lluvia moderada,False
Barranquilla,Colombia,10.9685,-74.7813,33.2,29.1,62,11.0,Overcast,122,2026-03-22 04:03:01.045871,Muy cálido,Nublado,False
London,Uk,51.5074,-0.1278,16.0,17.6,74,11.6,Partly Cloudy,116,2026-03-16 03:34:01.045910,Frío,Parcialmente nublado,False
Sao Paulo,Brazil,-23.5505,-46.6333,20.7,18.1,79,9.0,Partly Cloudy,116,2026-03-21 21:32:01.045948,Templado,Parcialmente nublado,False
Mexico City,Mexico,19.4326,-99.1332,27.5,24.0,65,10.9,Overcast,122,2026-03-27 06:36:01.045995,Cálido,Nublado,False
Medellin,Colombia,6.2442,-75.5812,21.3,19.1,93,10.6,Partly Cloudy,116,2026-04-08 00:48:01.046080,Templado,Parcialmente nublado,False
Madrid,Spain,40.4168,-3.7038,15.7,13.2,44,0.9,Patchy Rain Nearby,176,2026-04-09 19:06:01.046125,Frío,Lluvia ligera,False
Miami,Usa,25.7617,-80.1918,21.9,23.1,74,10.3,Overcast,122,2026-03-24 06:41:01.046165,Templado,Nublado,False
Madrid,Spain,40.4168,-3.7038,10.9,10.3,53,15.8,Sunny,113,2026-04-05 22:58:01.046206,Frío,Despejado,False
Lima,Peru,-12.0464,-77.0428,18.2,21.5,82,5.3,Partly Cloudy,116,2026-04-13 05:27:01.046256,Templado,Parcialmente nublado,False
Mexico City,Mexico,19.4326,-99.1332,26.8,28.6,71,14.7,Overcast,122,2026-04-08 04:08:01.046296,Cálido,Nublado,False
Mexico City,Mexico,19.4326,-99.1332,29.1,33.0,55,11.9,Sunny,113,2026-04-10 01:38:01.046334,Cálido,Despejado,False
Miami,Usa,25.7617,-80.1918,28.7,30.3,76,24.5,Sunny,113,2026-04-15 21:11:01.046372,Cálido,Despejado,False
London,Uk,51.5074,-0.1278,14.9,16.6,76,7.0,Overcast,122,2026-03-27 07:02:01.046411,Frío,Nublado,False
Cartagena,Colombia,10.391,-75.4794,34.4,35.7,76,5.3,Moderate Rain,302,2026-03-18 01:01:01.046450,Muy cálido,Lluvia moderada,False
Sao Paulo,Brazil,-23.5505,-46.6333,20.3,22.4,62,11.3,Light Drizzle,266,2026-04-12 11:15:01.046488,Templado,Lluvia ligera,False
Mexico City,Mexico,19.4326,-99.1332,28.7,26.5,58,5.2,Patchy Rain Nearby,176,2026-04-08 19:54:01.046527,Cálido,Lluvia ligera,False
Barranquilla,Colombia,10.9685,-74.7813,23.1,25.8,82,13.0,Light Drizzle,266,2026-04-13 10:45:01.046565,Templado,Lluvia ligera,False
Madrid,Spain,40.4168,-3.7038,19.3,15.2,66,12.7,Partly Cloudy,116,2026-03-28 04:22:01.046605,Templado,Parcialmente nublado,False
Sao Paulo,Brazil,-23.5505,-46.6333,32.1,32.0,91,13.7,Moderate Rain,302,2026-04-15 09:09:01.046655,Muy cálido,Lluvia moderada,False
Madrid,Spain,40.4168,-3.7038,13.5,10.9,54,5.6,Cloudy,119,2026-04-09 22:00:01.046694,Frío,Nublado,False
Medellin,Colombia,6.2442,-75.5812,21.2,22.6,71,1.8,Sunny,113,2026-03-16 02:08:01.046734,Templado,Despejado,False
Madrid,Spain,40.4168,-3.7038,12.1,10.7,50,11.5,Patchy Snow Showers,392,2026-03-30 18:08:01.046774,Frío,Nieve ligera,False
Madrid,Spain,40.4168,-3.7038,18.3,17.4,53,10.3,Patchy Rain Nearby,176,2026-04-14 13:20:01.046814,Templado,Lluvia ligera,False
London,Uk,51.5074,-0.1278,9.5,9.8,73,15.6,Partly Cloudy,116,2026-04-07 22:00:01.046852,Muy frío,Parcialmente nublado,False
Lima,Peru,-12.0464,-77.0428,21.4,23.5,51,5.1,Cloudy,119,2026-04-10 12:09:01.046891,Templado,Nublado,False
Mexico City,Mexico,19.4326,-99.1332,16.3,14.9,51,6.4,Overcast,122,2026-04-10 13:34:01.046930,Frío,Nublado,False
Mexico City,Mexico,19.4326,-99.1332,25.8,25.0,66,15.9,Overcast,122,2026-04-04 14:27:01.047055,Cálido,Nublado,False
Bogota,Colombia,4.711,-74.0721,11.0,10.7,75,7.4,Light Drizzle,266,2026-03-16 05:55:01.047193,Frío,Lluvia ligera,False
Bogota,Colombia,4.711,-74.0721,23.6,23.0,59,14.0,Light Rain,293,2026-04-14 19:00:01.047259,Templado,Lluvia ligera,False
Lima,Peru,-12.0464,-77.0428,17.0,16.5,82,11.7,Patchy Rain Nearby,176,2026-03-20 16:13:01.047301,Frío,Lluvia ligera,False
Lima,Peru,-12.0464,-77.0428,15.9,12.5,59,8.4,Overcast,122,2026-04-12 07:09:01.047342,Frío,Nublado,False
London,Uk,51.5074,-0.1278,10.2,8.1,55,12.7,Moderate Rain,302,2026-03-18 04:19:01.047381,Frío,Lluvia moderada,False
Cali,Colombia,3.4516,-76.532,30.1,29.3,77,2.6,Sunny,113,2026-04-10 00:54:01.047424,Muy cálido,Despejado,False
Mexico City,Mexico,19.4326,-99.1332,23.7,20.7,62,11.7,Partly Cloudy,116,2026-04-13 03:21:01.047463,Templado,Parcialmente nublado,False
Madrid,Spain,40.4168,-3.7038,14.7,16.2,51,16.0,Partly Cloudy,116,2026-03-17 20:28:01.047526,Frío,Parcialmente nublado,False
Sao Paulo,Brazil,-23.5505,-46.6333,24.2,24.7,87,13.2,Cloudy,119,2026-03-18 02:08:01.047566,Cálido,Nublado,False
Lima,Peru,-12.0464,-77.0428,25.2,20.8,81,9.4,Sunny,113,2026-03-31 01:19:01.047605,Cálido,Despejado,False
London,Uk,51.5074,-0.1278,17.9,15.0,72,16.1,Heavy Rain,308,2026-04-05 13:12:01.047645,Frío,Lluvia fuerte,False
Miami,Usa,25.7617,-80.1918,25.3,22.7,68,6.3,Sunny,113,2026-03-27 03:02:01.047700,Cálido,Despejado,False
Cali,Colombia,3.4516,-76.532,22.6,22.3,78,8.6,Thundery Outbreaks,200,2026-04-06 04:53:01.047742,Templado,Tormenta,True
Cali,Colombia,3.4516,-76.532,27.8,27.8,85,3.0,Sunny,113,2026-04-06 03:46:01.047781,Cálido,Despejado,False
Cali,Colombia,3.4516,-76.532,28.3,29.7,60,7.1,Partly Cloudy,116,2026-03-27 01:22:01.047819,Cálido,Parcialmente nublado,False
Cartagena,Colombia,10.391,-75.4794,26.3,28.0,90,12.4,Partly Cloudy,116,2026-04-01 18:54:01.047858,Cálido,Parcialmente nublado,False
London,Uk,51.5074,-0.1278,9.8,12.3,59,15.7,Patchy Rain Nearby,176,2026-03-16 22:20:01.047896,Muy frío,Lluvia ligera,False
Tokyo,Japan,35.6895,139.6917,20.6,20.1,67,3.0,Overcast,122,2026-03-20 11:33:01.047935,Templado,Nublado,False
Tokyo,Japan,35.6895,139.6917,18.0,19.3,76,9.3,Sunny,113,2026-03-29 16:16:01.047973,Frío,Despejado,False
Lima,Peru,-12.0464,-77.0428,16.6,17.3,90,7.7,Sunny,113,2026-04-11 21:12:01.048011,Frío,Despejado,False
Cali,Colombia,3.4516,-76.532,28.3,25.4,93,6.1,Sunny,113,2026-03-20 07:36:01.048060,Cálido,Despejado,False
Miami,Usa,25.7617,-80.1918,25.0,22.9,74,16.2,Sunny,113,2026-03-25 03:29:01.048107,Cálido,Despejado,False
Cartagena,Colombia,10.391,-75.4794,34.2,35.4,77,9.4,Cloudy,119,2026-03-27 04:10:01.048146,Muy cálido,Nublado,False
Tokyo,Japan,35.6895,139.6917,25.2,24.2,84,7.8,Partly Cloudy,116,2026-03-18 08:54:01.048185,Cálido,Parcialmente nublado,False
London,Uk,51.5074,-0.1278,16.1,14.0,61,17.3,Moderate Rain,302,2026-04-09 12:03:01.048224,Frío,Lluvia moderada,False
Cali,Colombia,3.4516,-76.532,28.9,27.8,59,0.0,Patchy Rain Nearby,176,2026-04-06 15:20:01.048273,Cálido,Lluvia ligera,False
Cali,Colombia,3.4516,-76.532,25.6,22.4,81,7.9,Overcast,122,2026-04-01 21:00:01.048337,Cálido,Nublado,False
Cartagena,Colombia,10.391,-75.4794,24.9,25.1,54,10.8,Sunny,113,2026-03-26 16:30:01.048438,Cálido,Despejado,False
Madrid,Spain,40.4168,-3.7038,11.7,9.4,55,6.0,Patchy Rain Nearby,176,2026-04-05 14:15:01.048503,Frío,Lluvia ligera,False
Mexico City,Mexico,19.4326,-99.1332,24.0,24.9,67,11.3,Cloudy,119,2026-03-19 08:53:01.048564,Templado,Nublado,False
Bogota,Colombia,4.711,-74.0721,21.1,20.2,90,5.4,Heavy Snow,395,2026-03-16 04:14:01.048622,Templado,Nieve fuerte,True
Miami,Usa,25.7617,-80.1918,24.7,26.5,70,14.6,Cloudy,119,2026-04-04 02:45:01.048715,Cálido,Nublado,False
Cali,Colombia,3.4516,-76.532,25.7,26.7,100,10.1,Cloudy,119,2026-03-24 11:48:01.048801,Cálido,Nublado,False
Cali,Colombia,3.4516,-76.532,22.4,22.9,82,12.1,Light Drizzle,266,2026-04-03 15:57:01.048846,Templado,Lluvia ligera,False
Cali,Colombia,3.4516,-76.532,22.3,23.2,81,11.6,Heavy Snow,395,2026-03-17 16:46:01.048888,Templado,Nieve fuerte,True
Barranquilla,Colombia,10.9685,-74.7813,37.2,37.2,100,12.8,Light Drizzle,266,2026-03-31 05:36:01.049003,Muy cálido,Lluvia ligera,False
Miami,Usa,25.7617,-80.1918,24.9,26.0,80,17.5,Light Rain,293,2026-04-11 18:17:01.049069,Cálido,Lluvia ligera,False
Barranquilla,Colombia,10.9685,-74.7813,29.7,30.0,79,8.6,Sunny,113,2026-03-23 00:28:01.049162,Cálido,Despejado,False
London,Uk,51.5074,-0.1278,13.9,12.5,84,12.7,Patchy Rain Nearby,176,2026-03-30 20:56:01.049204,Frío,Lluvia ligera,False
Tokyo,Japan,35.6895,139.6917,18.6,18.5,67,1.0,Thundery Outbreaks,200,2026-04-01 14:42:01.049244,Templado,Tormenta,True
Lima,Peru,-12.0464,-77.0428,19.5,19.4,80,16.8,Patchy Rain Nearby,176,2026-03-16 11:41:01.049285,Templado,Lluvia ligera,False
Cartagena,Colombia,10.391,-75.4794,28.8,26.8,75,8.5,Partly Cloudy,116,2026-04-13 08:56:01.049351,Cálido,Parcialmente nublado,False
Sao Paulo,Brazil,-23.5505,-46.6333,28.4,29.4,86,9.8,Partly Cloudy,116,2026-04-11 14:09:01.049393,Cálido,Parcialmente nublado,False
Tokyo,Japan,35.6895,139.6917,16.3,16.1,73,12.2,Heavy Rain,308,2026-04-08 13:39:01.049432,Frío,Lluvia fuerte,False
London,Uk,51.5074,-0.1278,13.0,14.8,64,8.8,Overcast,122,2026-04-05 22:02:01.049471,Frío,Nublado,False
Mexico City,Mexico,19.4326,-99.1332,23.1,21.5,58,0.7,Patchy Rain Nearby,176,2026-04-11 12:39:01.049511,Templado,Lluvia ligera,False
Tokyo,Japan,35.6895,139.6917,16.1,15.7,66,2.5,Partly Cloudy,116,2026-04-11 08:28:01.049549,Frío,Parcialmente nublado,False
Mexico City,Mexico,19.4326,-99.1332,31.8,30.1,51,6.6,Sunny,113,2026-04-11 19:54:01.049588,Muy cálido,Despejado,False
Miami,Usa,25.7617,-80.1918,29.7,30.2,74,22.8,Light Rain,293,2026-03-27 10:21:01.049627,Cálido,Lluvia ligera,False
Mexico City,Mexico,19.4326,-99.1332,26.6,25.3,51,8.0,Patchy Rain Nearby,176,2026-04-10 18:37:01.049666,Cálido,Lluvia ligera,False
Bogota,Colombia,4.711,-74.0721,11.7,10.4,76,15.5,Partly Cloudy,116,2026-03-29 22:41:01.049705,Frío,Parcialmente nublado,False
Barranquilla,Colombia,10.9685,-74.7813,26.6,26.0,72,6.8,Sunny,113,2026-04-01 03:09:01.049952,Cálido,Despejado,False
Tokyo,Japan,35.6895,139.6917,24.8,22.3,72,15.6,Partly Cloudy,116,2026-03-30 01:22:01.050020,Cálido,Parcialmente nublado,False
Lima,Peru,-12.0464,-77.0428,16.6,13.2,74,9.6,Sunny,113,2026-04-14 20:05:01.050062,Frío,Despejado,False
London,Uk,51.5074,-0.1278,10.8,11.8,70,14.2,Sunny,113,2026-04-01 18:12:01.050101,Frío,Despejado,False
Tokyo,Japan,35.6895,139.6917,27.1,30.1,56,8.5,Sunny,113,2026-03-17 10:53:01.050140,Cálido,Despejado,False
Madrid,Spain,40.4168,-3.7038,20.2,19.7,62,6.9,Cloudy,119,2026-04-09 04:49:01.050178,Templado,Nublado,False
Lima,Peru,-12.0464,-77.0428,19.2,20.1,63,9.4,Cloudy,119,2026-04-07 01:00:01.050217,Templado,Nublado,False
Sao Paulo,Brazil,-23.5505,-46.6333,20.9,21.2,77,7.5,Partly Cloudy,116,2026-03-25 21:12:01.050255,Templado,Parcialmente nublado,False
Cartagena,Colombia,10.391,-75.4794,28.3,29.4,92,18.7,Light Rain,293,2026-04-11 23:30:01.050294,Cálido,Lluvia ligera,False
London,Uk,51.5074,-0.1278,20.4,20.0,86,9.5,Partly Cloudy,116,2026-04-08 00:52:01.050333,Templado,Parcialmente nublado,False
Miami,Usa,25.7617,-80.1918,33.5,33.5,73,7.7,Overcast,122,2026-03-25 05:15:01.050386,Muy cálido,Nublado,False
Medellin,Colombia,6.2442,-75.5812,24.4,24.0,87,14.5,Sunny,113,2026-03-24 18:07:01.050441,Cálido,Despejado,False
Sao Paulo,Brazil,-23.5505,-46.6333,25.8,27.8,98,10.0,Overcast,122,2026-04-06 00:36:01.050481,Cálido,Nublado,False
Mexico City,Mexico,19.4326,-99.1332,27.7,31.3,72,9.5,Overcast,122,2026-04-03 19:28:01.050519,Cálido,Nublado,False
London,Uk,51.5074,-0.1278,20.5,18.7,69,8.8,Sunny,113,2026-03-19 23:10:01.050557,Templado,Despejado,False
Medellin,Colombia,6.2442,-75.5812,22.6,23.0,63,11.6,Cloudy,119,2026-04-08 02:01:01.050597,Templado,Nublado,False
Madrid,Spain,40.4168,-3.7038,14.4,14.1,63,5.6,Overcast,122,2026-03-19 03:14:01.050635,Frío,Nublado,False
Madrid,Spain,40.4168,-3.7038,8.7,11.7,59,4.8,Patchy Rain Nearby,176,2026-04-12 23:07:01.050673,Muy frío,Lluvia ligera,False
Bogota,Colombia,4.711,-74.0721,12.6,14.5,62,14.0,Patchy Rain Nearby,176,2026-03-19 15:01:01.050712,Frío,Lluvia ligera,False
Mexico City,Mexico,19.4326,-99.1332,24.1,24.0,38,6.6,Sunny,113,2026-03-29 10:33:01.050759,Cálido,Despejado,False
Sao Paulo,Brazil,-23.5505,-46.6333,27.1,27.8,79,17.0,Patchy Rain Nearby,176,2026-03-21 15:27:01.050901,Cálido,Lluvia ligera,False
Cartagena,Colombia,10.391,-75.4794,28.3,28.3,70,8.5,Overcast,122,2026-03-16 00:27:01.050948,Cálido,Nublado,False
Medellin,Colombia,6.2442,-75.5812,27.0,23.5,87,5.4,Sunny,113,2026-03-16 09:29:01.050990,Cálido,Despejado,False
Sao Paulo,Brazil,-23.5505,-46.6333,27.3,28.4,92,10.2,Patchy Rain Nearby,176,2026-04-10 06:16:01.051030,Cálido,Lluvia ligera,False
London,Uk,51.5074,-0.1278,8.7,8.5,54,7.7,Cloudy,119,2026-04-11 22:08:01.051070,Muy frío,Nublado,False
Madrid,Spain,40.4168,-3.7038,13.8,14.8,57,7.0,Light Drizzle,266,2026-04-12 20:33:01.051109,Frío,Lluvia ligera,False
Cartagena,Colombia,10.391,-75.4794,31.2,33.8,73,20.1,Sunny,113,2026-03-31 04:37:01.051150,Muy cálido,Despejado,False
Sao Paulo,Brazil,-23.5505,-46.6333,31.6,31.5,76,6.2,Overcast,122,2026-04-12 02:33:01.051189,Muy cálido,Nublado,False
Cali,Colombia,3.4516,-76.532,24.4,21.4,55,13.0,Patchy Rain Nearby,176,2026-04-02 08:15:01.051231,Cálido,Lluvia ligera,False
London,Uk,51.5074,-0.1278,16.2,16.2,74,13.4,Partly Cloudy,116,2026-03-28 09:18:01.051288,Frío,Parcialmente nublado,False
London,Uk,51.5074,-0.1278,11.5,13.8,43,3.2,Sunny,113,2026-04-06 12:26:01.051363,Frío,Despejado,False
Cali,Colombia,3.4516,-76.532,31.7,28.4,89,6.5,Cloudy,119,2026-04-11 02:32:01.051425,Muy cálido,Nublado,False
Tokyo,Japan,35.6895,139.6917,19.3,17.5,59,14.3,Overcast,122,2026-03-19 02:10:01.051516,Templado,Nublado,False
Medellin,Colombia,6.2442,-75.5812,12.5,13.7,73,6.5,Partly Cloudy,116,2026-04-13 11:04:01.051597,Frío,Parcialmente nublado,False
Cali,Colombia,3.4516,-76.532,28.6,29.6,68,3.3,Sunny,113,2026-04-04 12:08:01.051658,Cálido,Despejado,False
Bogota,Colombia,4.711,-74.0721,17.6,16.3,65,6.8,Partly Cloudy,116,2026-03-22 14:24:01.051718,Frío,Parcialmente nublado,False
Mexico City,Mexico,19.4326,-99.1332,28.3,28.7,63,13.4,Cloudy,119,2026-04-02 18:20:01.051781,Cálido,Nublado,False
Cali,Colombia,3.4516,-76.532,23.1,24.7,64,10.5,Cloudy,119,2026-03-18 15:52:01.051839,Templado,Nublado,False
Miami,Usa,25.7617,-80.1918,29.2,30.5,83,3.1,Partly Cloudy,116,2026-03-28 10:18:01.051893,Cálido,Parcialmente nublado,False
Sao Paulo,Brazil,-23.5505,-46.6333,28.5,29.5,99,21.8,Patchy Rain Nearby,176,2026-03-25 17:00:01.051951,Cálido,Lluvia ligera,False
Cartagena,Colombia,10.391,-75.4794,29.0,28.9,77,13.0,Overcast,122,2026-04-14 13:46:01.052036,Cálido,Nublado,False
Mexico City,Mexico,19.4326,-99.1332,20.0,22.7,50,8.9,Cloudy,119,2026-03-19 05:10:01.052082,Templado,Nublado,False
Madrid,Spain,40.4168,-3.7038,19.5,17.1,46,5.3,Light Rain,293,2026-04-02 08:21:01.052123,Templado,Lluvia ligera,False
Miami,Usa,25.7617,-80.1918,27.8,26.8,68,16.6,Sunny,113,2026-04-03 00:18:01.052163,Cálido,Despejado,False
Tokyo,Japan,35.6895,139.6917,20.2,17.9,56,6.0,Sunny,113,2026-03-20 13:04:01.052202,Templado,Despejado,False
Sao Paulo,Brazil,-23.5505,-46.6333,30.2,30.8,61,8.2,Overcast,122,2026-03-26 01:25:01.052241,Muy cálido,Nublado,False
Medellin,Colombia,6.2442,-75.5812,22.7,21.8,63,3.0,Sunny,113,2026-03-23 22:47:01.052280,Templado,Despejado,False
Madrid,Spain,40.4168,-3.7038,22.3,25.6,58,3.7,Light Drizzle,266,2026-04-12 13:31:01.052319,Templado,Lluvia ligera,False
Mexico City,Mexico,19.4326,-99.1332,26.9,27.5,78,2.9,Cloudy,119,2026-03-24 10:19:01.052357,Cálido,Nublado,False
Tokyo,Japan,35.6895,139.6917,24.5,24.8,56,6.3,Sunny,113,2026-03-21 07:16:01.052395,Cálido,Despejado,False
Mexico City,Mexico,19.4326,-99.1332,26.1,25.2,73,1.1,Light Rain,293,2026-03-21 00:32:01.052460,Cálido,Lluvia ligera,False
Madrid,Spain,40.4168,-3.7038,18.5,18.3,61,2.6,Partly Cloudy,116,2026-04-06 22:39:01.052500,Templado,Parcialmente nublado,False
Bogota,Colombia,4.711,-74.0721,17.2,14.4,60,8.7,Sunny,113,2026-03-20 13:26:01.052538,Frío,Despejado,False
Barranquilla,Colombia,10.9685,-74.7813,24.0,24.8,74,14.2,Sunny,113,2026-04-14 06:58:01.052577,Templado,Despejado,False
Sao Paulo,Brazil,-23.5505,-46.6333,21.7,18.0,84,10.2,Partly Cloudy,116,2026-03-27 19:26:01.052697,Templado,Parcialmente nublado,False
London,Uk,51.5074,-0.1278,16.1,19.3,83,15.9,Light Rain,293,2026-03-16 18:04:01.052813,Frío,Lluvia ligera,False
Miami,Usa,25.7617,-80.1918,26.3,30.5,90,24.2,Partly Cloudy,116,2026-03-31 22:42:01.052889,Cálido,Parcialmente nublado,False
Cartagena,Colombia,10.391,-75.4794,29.4,29.5,90,15.9,Patchy Rain Nearby,176,2026-04-13 10:33:01.052945,Cálido,Lluvia ligera,False
Sao Paulo,Brazil,-23.5505,-46.6333,28.8,29.1,100,11.8,Sunny,113,2026-03-19 11:25:01.052991,Cálido,Despejado,False
Barranquilla,Colombia,10.9685,-74.7813,29.3,27.4,89,9.6,Overcast,122,2026-03-26 03:02:01.053052,Cálido,Nublado,False
Miami,Usa,25.7617,-80.1918,30.0,31.4,92,20.2,Light Rain,293,2026-04-06 08:14:01.053169,Cálido,Lluvia ligera,False
Cartagena,Colombia,10.391,-75.4794,28.9,31.2,79,15.3,Cloudy,119,2026-03-30 06:40:01.053210,Cálido,Nublado,False
Bogota,Colombia,4.711,-74.0721,15.7,14.1,84,12.5,Light Drizzle,266,2026-03-28 08:59:01.053250,Frío,Lluvia ligera,False
Tokyo,Japan,35.6895,139.6917,22.1,24.9,47,8.7,Moderate Rain,302,2026-03-18 06:14:01.053303,Templado,Lluvia moderada,False
Madrid,Spain,40.4168,-3.7038,17.6,14.2,50,10.7,Heavy Snow,395,2026-04-10 15:20:01.053346,Frío,Nieve fuerte,True
Cartagena,Colombia,10.391,-75.4794,26.9,27.8,82,7.9,Patchy Rain Nearby,176,2026-04-12 04:39:01.053386,Cálido,Lluvia ligera,False
London,Uk,51.5074,-0.1278,14.5,17.9,65,15.0,Sunny,113,2026-04-01 18:51:01.053426,Frío,Despejado,False
Medellin,Colombia,6.2442,-75.5812,23.1,23.3,61,12.7,Cloudy,119,2026-03-31 20:34:01.053465,Templado,Nublado,False
Cali,Colombia,3.4516,-76.532,28.8,32.8,51,17.0,Partly Cloudy,116,2026-03-31 21:19:01.053504,Cálido,Parcialmente nublado,False
Miami,Usa,25.7617,-80.1918,26.7,28.6,71,17.3,Sunny,113,2026-04-10 04:03:01.053543,Cálido,Despejado,False
Tokyo,Japan,35.6895,139.6917,22.5,19.1,66,14.2,Cloudy,119,2026-03-28 14:57:01.053591,Templado,Nublado,False
Sao Paulo,Brazil,-23.5505,-46.6333,16.7,16.4,99,11.2,Sunny,113,2026-04-04 02:14:01.053629,Frío,Despejado,False
Bogota,Colombia,4.711,-74.0721,14.7,14.1,96,14.1,Patchy Rain Nearby,176,2026-04-12 05:06:01.053686,Frío,Lluvia ligera,False
Lima,Peru,-12.0464,-77.0428,26.2,28.9,87,14.7,Partly Cloudy,116,2026-03-16 13:03:01.053784,Cálido,Parcialmente nublado,False
Cartagena,Colombia,10.391,-75.4794,33.3,36.6,92,10.7,Moderate Rain,302,2026-04-02 15:31:01.053851,Muy cálido,Lluvia moderada,False
Cartagena,Colombia,10.391,-75.4794,32.7,28.7,79,16.0,Heavy Rain,308,2026-03-29 02:44:01.053894,Muy cálido,Lluvia fuerte,False
Medellin,Colombia,6.2442,-75.5812,16.2,22.2,62,12.8,Sunny,113,2026-03-21 11:44:01.053944,Frío,Despejado,False
Medellin,Colombia,6.2442,-75.5812,20.8,21.6,59,5.7,Patchy Rain Nearby,176,2026-03-19 13:09:01.053987,Templado,Lluvia ligera,False
Mexico City,Mexico,19.4326,-99.1332,23.9,21.4,62,9.4,Partly Cloudy,116,2026-03-20 18:46:01.054028,Templado,Parcialmente nublado,False
Medellin,Colombia,6.2442,-75.5812,23.8,23.2,63,6.5,Overcast,122,2026-03-28 08:31:01.054067,Templado,Nublado,False
Lima,Peru,-12.0464,-77.0428,25.8,26.5,89,14.9,Partly Cloudy,116,2026-04-01 20:28:01.054122,Cálido,Parcialmente nublado,False
Cartagena,Colombia,10.391,-75.4794,30.6,28.9,58,12.9,Partly Cloudy,116,2026-03-17 12:05:01.054160,Muy cálido,Parcialmente nublado,False
Sao Paulo,Brazil,-23.5505,-46.6333,29.5,28.4,87,7.7,Light Drizzle,266,2026-04-11 06:40:01.054199,Cálido,Lluvia ligera,False
Lima,Peru,-12.0464,-77.0428,20.9,20.8,66,11.7,Overcast,122,2026-04-14 20:26:01.054247,Templado,Nublado,False
Tokyo,Japan,35.6895,139.6917,21.6,17.7,61,3.7,Heavy Rain,308,2026-04-14 10:01:01.054286,Templado,Lluvia fuerte,False
Lima,Peru,-12.0464,-77.0428,20.7,19.0,81,14.1,Partly Cloudy,116,2026-03-16 07:32:01.054325,Templado,Parcialmente nublado,False
Cali,Colombia,3.4516,-76.532,30.1,29.5,55,13.6,Patchy Rain Nearby,176,2026-03-30 09:50:01.054362,Muy cálido,Lluvia ligera,False
London,Uk,51.5074,-0.1278,18.7,20.0,88,4.6,Sunny,113,2026-04-12 01:48:01.054400,Templado,Despejado,False
Bogota,Colombia,4.711,-74.0721,15.1,14.1,74,15.6,Cloudy,119,2026-04-04 12:57:01.054439,Frío,Nublado,False
Tokyo,Japan,35.6895,139.6917,19.5,21.5,90,9.3,Moderate Rain,302,2026-03-20 06:01:01.054532,Templado,Lluvia moderada,False
Sao Paulo,Brazil,-23.5505,-46.6333,28.9,28.8,80,10.6,Thundery Outbreaks,200,2026-03-23 02:07:01.054617,Cálido,Tormenta,True
Lima,Peru,-12.0464,-77.0428,22.8,18.8,76,6.7,Patchy Rain Nearby,176,2026-03-26 05:43:01.054661,Templado,Lluvia ligera,False
Mexico City,Mexico,19.4326,-99.1332,25.0,22.0,59,9.8,Light Drizzle,266,2026-04-06 22:58:01.054701,Cálido,Lluvia ligera,False
Medellin,Colombia,6.2442,-75.5812,24.3,24.2,79,14.1,Moderate Rain,302,2026-03-27 15:18:01.054741,Cálido,Lluvia moderada,False
Mexico City,Mexico,19.4326,-99.1332,19.6,20.9,62,11.5,Overcast,122,2026-03-28 08:09:01.054780,Templado,Nublado,False
Tokyo,Japan,35.6895,139.6917,18.3,21.8,41,0.6,Light Rain,293,2026-03-27 10:36:01.054819,Templado,Lluvia ligera,False
Cali,Colombia,3.4516,-76.532,29.9,28.0,90,13.3,Sunny,113,2026-04-02 13:03:01.055057,Cálido,Despejado,False
Medellin,Colombia,6.2442,-75.5812,18.3,20.5,85,13.6,Heavy Rain,308,2026-04-13 05:13:01.055118,Templado,Lluvia fuerte,False
Madrid,Spain,40.4168,-3.7038,16.3,16.0,53,1.7,Patchy Rain Nearby,176,2026-03-27 21:59:01.055160,Frío,Lluvia ligera,False
Miami,Usa,25.7617,-80.1918,28.1,24.6,76,7.2,Sunny,113,2026-04-02 23:06:01.055200,Cálido,Despejado,False
Sao Paulo,Brazil,-23.5505,-46.6333,23.4,23.4,76,10.4,Cloudy,119,2026-03-24 13:56:01.055253,Templado,Nublado,False
Tokyo,Japan,35.6895,139.6917,23.4,21.3,71,2.9,Overcast,122,2026-04-02 09:00:01.055292,Templado,Nublado,False
London,Uk,51.5074,-0.1278,14.3,15.3,84,13.7,Cloudy,119,2026-04-06 14:33:01.055331,Frío,Nublado,False
Bogota,Colombia,4.711,-74.0721,23.1,24.5,93,4.9,Light Rain,293,2026-03-27 22:24:01.055370,Templado,Lluvia ligera,False
Bogota,Colombia,4.711,-74.0721,25.2,26.8,71,10.4,Sunny,113,2026-03-19 16:14:01.055408,Cálido,Despejado,False
Cartagena,Colombia,10.391,-75.4794,32.9,33.9,80,20.2,Sunny,113,2026-04-13 23:59:01.055446,Muy cálido,Despejado,False
Madrid,Spain,40.4168,-3.7038,23.4,23.4,40,7.5,Partly Cloudy,116,2026-03-30 22:57:01.055488,Templado,Parcialmente nublado,False
Lima,Peru,-12.0464,-77.0428,13.1,14.9,71,13.9,Partly Cloudy,116,2026-04-10 16:02:01.055527,Frío,Parcialmente nublado,False
Cartagena,Colombia,10.391,-75.4794,34.7,35.7,67,14.0,Light Drizzle,266,2026-03-30 12:01:01.055566,Muy cálido,Lluvia ligera,False
Cali,Colombia,3.4516,-76.532,24.8,27.7,94,5.3,Cloudy,119,2026-03-20 09:18:01.055605,Cálido,Nublado,False
Barranquilla,Colombia,10.9685,-74.7813,34.9,38.9,79,12.2,Heavy Rain,308,2026-04-05 13:06:01.055654,Muy cálido,Lluvia fuerte,False
Tokyo,Japan,35.6895,139.6917,20.2,18.6,55,9.1,Partly Cloudy,116,2026-04-05 14:12:01.055693,Templado,Parcialmente nublado,False
Bogota,Colombia,4.711,-74.0721,14.7,14.8,86,7.5,Overcast,122,2026-03-31 17:29:01.055733,Frío,Nublado,False
Miami,Usa,25.7617,-80.1918,23.5,26.6,92,25.3,Sunny,113,2026-03-16 23:26:01.055780,Templado,Despejado,False
London,Uk,51.5074,-0.1278,14.8,14.0,84,17.1,Cloudy,119,2026-03-17 00:40:01.055819,Frío,Nublado,False
Barranquilla,Colombia,10.9685,-74.7813,31.8,31.8,84,12.7,Patchy Rain Nearby,176,2026-03-16 12:19:01.055859,Muy cálido,Lluvia ligera,False
Tokyo,Japan,35.6895,139.6917,34.3,36.5,96,2.8,Light Rain,293,2026-04-07 15:55:01.055898,Muy cálido,Lluvia ligera,False
Tokyo,Japan,35.6895,139.6917,19.1,21.5,68,6.0,Light Drizzle,266,2026-04-04 04:56:01.055937,Templado,Lluvia ligera,False
Miami,Usa,25.7617,-80.1918,27.6,27.5,97,12.0,Light Rain,293,2026-04-10 11:45:01.055975,Cálido,Lluvia ligera,False
London,Uk,51.5074,-0.1278,10.1,10.3,48,20.8,Sunny,113,2026-04-04 22:01:01.056014,Frío,Despejado,False
Lima,Peru,-12.0464,-77.0428,15.8,14.8,54,19.7,Cloudy,119,2026-03-22 08:18:01.056062,Frío,Nublado,False
Lima,Peru,-12.0464,-77.0428,22.3,20.1,78,12.6,Partly Cloudy,116,2026-04-07 21:51:01.056101,Templado,Parcialmente nublado,False
Lima,Peru,-12.0464,-77.0428,21.4,20.7,77,8.0,Cloudy,119,2026-04-12 01:28:01.056140,Templado,Nublado,False
Madrid,Spain,40.4168,-3.7038,17.6,16.8,42,3.9,Sunny,113,2026-03-20 05:14:01.056178,Frío,Despejado,False
Madrid,Spain,40.4168,-3.7038,9.9,13.1,63,13.8,Partly Cloudy,116,2026-04-13 07:47:01.056217,Muy frío,Parcialmente nublado,False
Miami,Usa,25.7617,-80.1918,28.0,27.4,82,12.4,Overcast,122,2026-03-20 19:34:01.056255,Cálido,Nublado,False
Miami,Usa,25.7617,-80.1918,28.4,28.1,83,15.4,Patchy Rain Nearby,176,2026-04-04 23:21:01.056293,Cálido,Lluvia ligera,False
Madrid,Spain,40.4168,-3.7038,14.8,14.9,65,2.0,Sunny,113,2026-03-26 23:22:01.056386,Frío,Despejado,False
Lima,Peru,-12.0464,-77.0428,23.2,22.4,81,0.3,Sunny,113,2026-04-01 09:48:01.056453,Templado,Despejado,False
Sao Paulo,Brazil,-23.5505,-46.6333,31.3,27.6,75,9.0,Thundery Outbreaks,200,2026-04-09 21:03:01.056497,Muy cálido,Tormenta,True
Cali,Colombia,3.4516,-76.532,34.1,34.8,84,8.6,Partly Cloudy,116,2026-04-10 20:17:01.056554,Muy cálido,Parcialmente nublado,False
Cartagena,Colombia,10.391,-75.4794,28.5,25.8,54,9.8,Overcast,122,2026-03-30 05:13:01.056594,Cálido,Nublado,False
London,Uk,51.5074,-0.1278,14.4,15.5,75,10.0,Partly Cloudy,116,2026-03-18 23:47:01.056634,Frío,Parcialmente nublado,False
Barranquilla,Colombia,10.9685,-74.7813,30.0,28.7,72,13.7,Light Rain,293,2026-03-23 05:36:01.056673,Cálido,Lluvia ligera,False
Tokyo,Japan,35.6895,139.6917,23.6,24.9,56,5.8,Partly Cloudy,116,2026-03-30 13:45:01.056711,Templado,Parcialmente nublado,False
Madrid,Spain,40.4168,-3.7038,19.1,20.3,72,3.9,Moderate Rain,302,2026-04-11 00:29:01.056750,Templado,Lluvia moderada,False
Bogota,Colombia,4.711,-74.0721,22.0,25.3,67,12.4,Cloudy,119,2026-03-24 02:35:01.056806,Templado,Nublado,False
Bogota,Colombia,4.711,-74.0721,14.9,14.7,79,9.9,Heavy Rain,308,2026-04-12 01:03:01.056846,Frío,Lluvia fuerte,False
Tokyo,Japan,35.6895,139.6917,20.9,20.9,69,13.9,Sunny,113,2026-04-10 17:37:01.056884,Templado,Despejado,False
London,Uk,51.5074,-0.1278,12.3,14.7,84,15.1,Cloudy,119,2026-03-26 16:30:01.056934,Frío,Nublado,False
Lima,Peru,-12.0464,-77.0428,13.7,15.2,76,7.5,Light Rain,293,2026-04-05 20:29:01.056995,Frío,Lluvia ligera,False
Lima,Peru,-12.0464,-77.0428,18.5,18.2,65,16.5,Partly Cloudy,116,2026-04-06 16:02:01.057034,Templado,Parcialmente nublado,False
Madrid,Spain,40.4168,-3.7038,19.0,18.7,48,9.4,Patchy Snow Showers,392,2026-03-25 19:57:01.057073,Templado,Nieve ligera,False
Lima,Peru,-12.0464,-77.0428,25.6,27.2,97,12.8,Patchy Rain Nearby,176,2026-04-11 03:29:01.057162,Cálido,Lluvia ligera,False
Miami,Usa,25.7617,-80.1918,30.6,30.0,69,13.7,Partly Cloudy,116,2026-03-31 04:16:01.057202,Muy cálido,Parcialmente nublado,False
Miami,Usa,25.7617,-80.1918,22.3,22.2,83,13.3,Overcast,122,2026-03-26 08:11:01.057240,Templado,Nublado,False
Sao Paulo,Brazil,-23.5505,-46.6333,14.7,12.2,79,8.8,Partly Cloudy,116,2026-04-14 20:21:01.057278,Frío,Parcialmente nublado,False
Cali,Colombia,3.4516,-76.532,26.4,25.6,71,14.6,Sunny,113,2026-04-12 10:58:01.057553,Cálido,Despejado,False
Miami,Usa,25.7617,-80.1918,24.8,26.4,88,20.1,Light Rain,293,2026-03-20 20:05:01.057625,Cálido,Lluvia ligera,False
Sao Paulo,Brazil,-23.5505,-46.6333,19.2,15.7,72,6.3,Sunny,113,2026-03-28 06:39:01.057668,Templado,Despejado,False
Barranquilla,Colombia,10.9685,-74.7813,28.6,27.3,86,10.5,Heavy Rain,308,2026-04-12 07:39:01.057723,Cálido,Lluvia fuerte,False
London,Uk,51.5074,-0.1278,18.4,19.8,60,14.8,Patchy Rain Nearby,176,2026-03-23 06:03:01.057764,Templado,Lluvia ligera,False
Cartagena,Colombia,10.391,-75.4794,27.4,29.4,89,13.2,Cloudy,119,2026-03-21 10:50:01.057804,Cálido,Nublado,False
Barranquilla,Colombia,10.9685,-74.7813,25.8,23.1,60,7.3,Light Drizzle,266,2026-04-13 00:36:01.057843,Cálido,Lluvia ligera,False
Barranquilla,Colombia,10.9685,-74.7813,33.8,33.2,70,9.4,Partly Cloudy,116,2026-03-23 12:20:01.057881,Muy cálido,Parcialmente nublado,False
Barranquilla,Colombia,10.9685,-74.7813,24.0,23.3,74,16.2,Partly Cloudy,116,2026-03-31 12:21:01.057920,Templado,Parcialmente nublado,False
Medellin,Colombia,6.2442,-75.5812,21.1,22.2,70,12.8,Partly Cloudy,116,2026-04-04 01:22:01.057970,Templado,Parcialmente nublado,False
London,Uk,51.5074,-0.1278,19.8,18.3,79,16.4,Light Drizzle,266,2026-04-11 12:08:01.058045,Templado,Lluvia ligera,False
Sao Paulo,Brazil,-23.5505,-46.6333,29.8,29.6,62,10.5,Sunny,113,2026-04-09 06:30:01.058139,Cálido,Despejado,False
Cartagena,Colombia,10.391,-75.4794,24.7,24.9,97,25.1,Partly Cloudy,116,2026-04-03 16:02:01.058282,Cálido,Parcialmente nublado,False
Tokyo,Japan,35.6895,139.6917,20.3,18.1,56,13.4,Overcast,122,2026-04-09 12:44:01.058394,Templado,Nublado,False
Lima,Peru,-12.0464,-77.0428,28.6,27.2,63,11.5,Overcast,122,2026-03-28 13:26:01.058455,Cálido,Nublado,False
Mexico City,Mexico,19.4326,-99.1332,25.3,26.9,72,16.0,Moderate Rain,302,2026-03-24 16:06:01.058501,Cálido,Lluvia moderada,False
Medellin,Colombia,6.2442,-75.5812,18.1,18.0,84,6.2,Partly Cloudy,116,2026-04-03 21:08:01.058541,Templado,Parcialmente nublado,False
Madrid,Spain,40.4168,-3.7038,13.8,14.0,65,6.1,Cloudy,119,2026-04-06 08:50:01.058592,Frío,Nublado,False
Lima,Peru,-12.0464,-77.0428,20.1,19.0,69,6.6,Sunny,113,2026-04-11 15:36:01.058632,Templado,Despejado,False
Madrid,Spain,40.4168,-3.7038,13.5,12.2,60,5.4,Cloudy,119,2026-03-16 15:47:01.058670,Frío,Nublado,False
Madrid,Spain,40.4168,-3.7038,16.2,20.6,77,2.1,Cloudy,119,2026-04-07 01:38:01.058709,Frío,Nublado,False
Cartagena,Colombia,10.391,-75.4794,35.8,38.3,100,19.2,Sunny,113,2026-04-06 06:54:01.058748,Muy cálido,Despejado,False
Lima,Peru,-12.0464,-77.0428,18.4,19.7,85,17.7,Sunny,113,2026-03-22 15:08:01.058789,Templado,Despejado,False
Cartagena,Colombia,10.391,-75.4794,25.9,27.2,76,16.8,Moderate Rain,302,2026-03-18 23:41:01.058839,Cálido,Lluvia moderada,False
Cartagena,Colombia,10.391,-75.4794,24.1,21.7,52,9.0,Sunny,113,2026-04-14 15:57:01.058878,Cálido,Despejado,False
Lima,Peru,-12.0464,-77.0428,17.6,17.2,66,17.7,Partly Cloudy,116,2026-04-06 23:42:01.058917,Frío,Parcialmente nublado,False
Bogota,Colombia,4.711,-74.0721,25.2,25.0,66,13.2,Overcast,122,2026-03-23 10:49:01.058956,Cálido,Nublado,False
Barranquilla,Colombia,10.9685,-74.7813,33.9,32.7,88,8.7,Patchy Rain Nearby,176,2026-04-04 16:30:01.058994,Muy cálido,Lluvia ligera,False
Sao Paulo,Brazil,-23.5505,-46.6333,33.7,33.4,75,11.7,Sunny,113,2026-04-08 19:31:01.059033,Muy cálido,Despejado,False
London,Uk,51.5074,-0.1278,17.6,17.0,78,9.5,Partly Cloudy,116,2026-04-07 01:16:01.059071,Frío,Parcialmente nublado,False
Cartagena,Colombia,10.391,-75.4794,34.8,33.4,70,14.6,Patchy Rain Nearby,176,2026-04-05 22:44:01.059110,Muy cálido,Lluvia ligera,False
Lima,Peru,-12.0464,-77.0428,25.9,24.5,100,13.5,Overcast,122,2026-04-01 10:57:01.059149,Cálido,Nublado,False
Medellin,Colombia,6.2442,-75.5812,19.3,20.9,51,9.1,Cloudy,119,2026-04-15 11:18:01.059188,Templado,Nublado,False
Tokyo,Japan,35.6895,139.6917,24.2,26.4,73,16.6,Sunny,113,2026-04-11 12:03:01.059236,Cálido,Despejado,False
Mexico City,Mexico,19.4326,-99.1332,22.8,19.5,59,4.7,Partly Cloudy,116,2026-03-27 02:26:01.059283,Templado,Parcialmente nublado,False
London,Uk,51.5074,-0.1278,13.0,8.7,58,1.9,Moderate Rain,302,2026-04-11 03:33:01.059322,Frío,Lluvia moderada,False
Tokyo,Japan,35.6895,139.6917,20.2,20.5,61,10.1,Partly Cloudy,116,2026-04-08 14:17:01.059361,Templado,Parcialmente nublado,False
Miami,Usa,25.7617,-80.1918,29.7,33.6,78,9.7,Partly Cloudy,116,2026-04-04 17:54:01.059399,Cálido,Parcialmente nublado,False
Cartagena,Colombia,10.391,-75.4794,31.2,30.7,59,13.4,Moderate Rain,302,2026-04-11 05:48:01.059438,Muy cálido,Lluvia moderada,False
Miami,Usa,25.7617,-80.1918,31.9,31.4,94,12.5,Cloudy,119,2026-04-13 15:35:01.059476,Muy cálido,Nublado,False
Mexico City,Mexico,19.4326,-99.1332,29.2,28.6,55,17.3,Partly Cloudy,116,2026-04-12 07:35:01.059514,Cálido,Parcialmente nublado,False
Cartagena,Colombia,10.391,-75.4794,42.2,43.2,80,11.7,Partly Cloudy,116,2026-04-06 06:01:01.059552,Muy cálido,Parcialmente nublado,False
Mexico City,Mexico,19.4326,-99.1332,21.8,21.5,63,12.4,Moderate Rain,302,2026-04-03 07:17:01.059591,Templado,Lluvia moderada,False
Sao Paulo,Brazil,-23.5505,-46.6333,24.2,25.0,71,7.2,Partly Cloudy,116,2026-04-02 00:49:01.059639,Cálido,Parcialmente nublado,False
Miami,Usa,25.7617,-80.1918,34.9,35.7,70,18.0,Sunny,113,2026-04-08 20:48:01.059679,Muy cálido,Despejado,False
London,Uk,51.5074,-0.1278,11.0,11.4,82,12.1,Patchy Snow Showers,392,2026-04-13 18:41:01.059796,Frío,Nieve ligera,False
Barranquilla,Colombia,10.9685,-74.7813,23.9,22.5,83,12.2,Sunny,113,2026-04-15 16:35:01.059842,Templado,Despejado,False
London,Uk,51.5074,-0.1278,15.2,13.2,69,6.9,Heavy Rain,308,2026-03-29 06:07:01.059887,Frío,Lluvia fuerte,False
Sao Paulo,Brazil,-23.5505,-46.6333,25.9,24.6,96,4.6,Overcast,122,2026-04-14 10:00:01.059926,Cálido,Nublado,False
Mexico City,Mexico,19.4326,-99.1332,23.4,22.3,81,4.4,Patchy Rain Nearby,176,2026-04-13 00:22:01.059978,Templado,Lluvia ligera,False
Cartagena,Colombia,10.391,-75.4794,38.4,40.3,84,13.1,Sunny,113,2026-03-26 04:59:01.060018,Muy cálido,Despejado,False
Medellin,Colombia,6.2442,-75.5812,26.1,26.0,82,6.4,Sunny,113,2026-03-27 17:12:01.060132,Cálido,Despejado,False
Bogota,Colombia,4.711,-74.0721,18.6,16.9,97,10.8,Overcast,122,2026-04-12 16:54:01.060198,Templado,Nublado,False
Mexico City,Mexico,19.4326,-99.1332,18.4,22.0,75,14.2,Partly Cloudy,116,2026-03-19 18:43:01.060665,Templado,Parcialmente nublado,False
Lima,Peru,-12.0464,-77.0428,21.0,21.7,80,13.1,Cloudy,119,2026-03-24 18:24:01.060867,Templado,Nublado,False
Lima,Peru,-12.0464,-77.0428,23.5,23.6,95,17.1,Patchy Rain Nearby,176,2026-03-27 05:26:01.060928,Templado,Lluvia ligera,False
Barranquilla,Colombia,10.9685,-74.7813,30.6,31.3,85,8.3,Partly Cloudy,116,2026-04-03 01:40:01.060971,Muy cálido,Parcialmente nublado,False
Barranquilla,Colombia,10.9685,-74.7813,28.3,32.5,85,3.7,Overcast,122,2026-04-08 16:32:01.061012,Cálido,Nublado,False
Miami,Usa,25.7617,-80.1918,32.2,31.9,77,11.1,Patchy Rain Nearby,176,2026-04-07 09:14:01.061060,Muy cálido,Lluvia ligera,False
Miami,Usa,25.7617,-80.1918,25.1,22.4,58,7.0,Overcast,122,2026-04-09 03:33:01.061209,Cálido,Nublado,False
Barranquilla,Colombia,10.9685,-74.7813,19.6,19.2,68,10.6,Patchy Snow Showers,392,2026-03-25 03:21:01.061294,Templado,Nieve ligera,False
Medellin,Colombia,6.2442,-75.5812,25.4,28.1,69,0.3,Cloudy,119,2026-04-11 00:17:01.061340,Cálido,Nublado,False
Cali,Colombia,3.4516,-76.532,33.7,29.9,74,15.0,Partly Cloudy,116,2026-04-03 03:04:01.061381,Muy cálido,Parcialmente nublado,False
Madrid,Spain,40.4168,-3.7038,16.0,17.5,51,11.8,Sunny,113,2026-04-02 10:47:01.061447,Frío,Despejado,False
Madrid,Spain,40.4168,-3.7038,18.5,17.1,49,9.0,Sunny,113,2026-03-20 03:44:01.061498,Templado,Despejado,False
Cartagena,Colombia,10.391,-75.4794,26.5,29.3,89,7.9,Light Drizzle,266,2026-03-25 22:39:01.061540,Cálido,Lluvia ligera,False
Bogota,Colombia,4.711,-74.0721,9.2,12.9,82,9.1,Patchy Rain Nearby,176,2026-03-22 08:51:01.061580,Muy frío,Lluvia ligera,False
Cartagena,Colombia,10.391,-75.4794,35.4,33.5,80,11.7,Partly Cloudy,116,2026-04-13 02:34:01.061622,Muy cálido,Parcialmente nublado,False
Tokyo,Japan,35.6895,139.6917,26.4,23.9,66,4.0,Patchy Rain Nearby,176,2026-04-07 13:53:01.061733,Cálido,Lluvia ligera,False
London,Uk,51.5074,-0.1278,15.9,16.7,93,2.9,Sunny,113,2026-04-09 10:40:01.061792,Frío,Despejado,False
London,Uk,51.5074,-0.1278,14.9,13.7,57,17.7,Cloudy,119,2026-04-05 04:05:01.061834,Frío,Nublado,False
Medellin,Colombia,6.2442,-75.5812,25.9,24.4,47,5.9,Moderate Rain,302,2026-04-13 18:34:01.061875,Cálido,Lluvia moderada,False
Cali,Colombia,3.4516,-76.532,21.7,19.8,71,12.6,Thundery Outbreaks,200,2026-03-16 11:37:01.062006,Templado,Tormenta,True
Cartagena,Colombia,10.391,-75.4794,31.7,29.6,71,4.1,Patchy Rain Nearby,176,2026-04-11 03:24:01.062080,Muy cálido,Lluvia ligera,False
Cartagena,Colombia,10.391,-75.4794,23.1,17.9,76,18.5,Thundery Outbreaks,200,2026-04-05 14:12:01.062123,Templado,Tormenta,True
London,Uk,51.5074,-0.1278,7.8,8.5,67,13.7,Overcast,122,2026-04-11 07:00:01.062163,Muy frío,Nublado,False
Tokyo,Japan,35.6895,139.6917,18.9,21.2,68,3.3,Thundery Outbreaks,200,2026-04-04 21:59:01.062201,Templado,Tormenta,True
Cali,Colombia,3.4516,-76.532,26.1,25.9,81,10.5,Light Rain,293,2026-04-09 03:15:01.062251,Cálido,Lluvia ligera,False
Cali,Colombia,3.4516,-76.532,24.7,23.7,74,0.4,Cloudy,119,2026-04-13 02:29:01.062291,Cálido,Nublado,False
Mexico City,Mexico,19.4326,-99.1332,25.2,26.5,83,12.3,Patchy Snow Showers,392,2026-03-29 13:19:01.062331,Cálido,Nieve ligera,False
Miami,Usa,25.7617,-80.1918,32.1,32.3,86,10.8,Light Rain,293,2026-04-08 16:34:01.062370,Muy cálido,Lluvia ligera,False
Cali,Colombia,3.4516,-76.532,25.8,24.3,59,8.3,Sunny,113,2026-04-08 11:31:01.062408,Cálido,Despejado,False
Tokyo,Japan,35.6895,139.6917,23.2,19.8,62,7.3,Overcast,122,2026-03-30 08:41:01.062446,Templado,Nublado,False
London,Uk,51.5074,-0.1278,12.4,10.3,69,11.8,Patchy Rain Nearby,176,2026-04-03 02:18:01.062509,Frío,Lluvia ligera,False
Mexico City,Mexico,19.4326,-99.1332,18.1,18.8,71,5.6,Heavy Rain,308,2026-04-05 22:02:01.062548,Templado,Lluvia fuerte,False
Mexico City,Mexico,19.4326,-99.1332,22.8,24.0,76,8.7,Light Rain,293,2026-03-16 14:58:01.062588,Templado,Lluvia ligera,False
Cali,Colombia,3.4516,-76.532,27.5,26.0,78,5.3,Partly Cloudy,116,2026-03-23 13:43:01.062627,Cálido,Parcialmente nublado,False
Lima,Peru,-12.0464,-77.0428,23.5,23.2,95,16.2,Light Rain,293,2026-03-30 07:04:01.062667,Templado,Lluvia ligera,False
Madrid,Spain,40.4168,-3.7038,15.7,13.5,72,7.4,Sunny,113,2026-04-09 13:59:01.062705,Frío,Despejado,False
Mexico City,Mexico,19.4326,-99.1332,31.4,30.2,52,14.4,Patchy Rain Nearby,176,2026-04-04 12:35:01.062743,Muy cálido,Lluvia ligera,False
Madrid,Spain,40.4168,-3.7038,22.8,23.6,42,15.5,Partly Cloudy,116,2026-03-29 20:43:01.062781,Templado,Parcialmente nublado,False
Barranquilla,Colombia,10.9685,-74.7813,30.4,30.4,87,11.9,Patchy Rain Nearby,176,2026-03-23 08:14:01.062820,Muy cálido,Lluvia ligera,False
Cali,Colombia,3.4516,-76.532,35.9,34.0,50,1.7,Cloudy,119,2026-04-06 18:45:01.062858,Muy cálido,Nublado,False
Sao Paulo,Brazil,-23.5505,-46.6333,32.2,31.6,93,12.0,Cloudy,119,2026-04-10 04:04:01.062905,Muy cálido,Nublado,False
Miami,Usa,25.7617,-80.1918,25.7,28.9,96,20.7,Sunny,113,2026-04-10 23:57:01.062944,Cálido,Despejado,False
Cartagena,Colombia,10.391,-75.4794,29.6,28.4,98,13.8,Light Rain,293,2026-03-19 07:29:01.062983,Cálido,Lluvia ligera,False
Sao Paulo,Brazil,-23.5505,-46.6333,24.4,23.5,98,11.5,Cloudy,119,2026-04-11 23:22:01.063020,Cálido,Nublado,False
Cali,Colombia,3.4516,-76.532,23.1,24.2,62,1.4,Cloudy,119,2026-03-28 08:50:01.063058,Templado,Nublado,False
Mexico City,Mexico,19.4326,-99.1332,17.2,15.2,61,6.5,Partly Cloudy,116,2026-03-17 18:08:01.063097,Frío,Parcialmente nublado,False
Bogota,Colombia,4.711,-74.0721,20.8,24.0,71,13.3,Sunny,113,2026-04-01 11:27:01.063135,Templado,Despejado,False
London,Uk,51.5074,-0.1278,15.2,17.0,69,15.8,Moderate Rain,302,2026-03-24 15:39:01.063174,Frío,Lluvia moderada,False
Cartagena,Colombia,10.391,-75.4794,29.5,28.1,86,8.5,Patchy Rain Nearby,176,2026-03-28 05:46:01.063213,Cálido,Lluvia ligera,False
Bogota,Colombia,4.711,-74.0721,16.6,16.2,85,6.0,Patchy Snow Showers,392,2026-04-10 21:40:01.063252,Frío,Nieve ligera,False
Sao Paulo,Brazil,-23.5505,-46.6333,29.4,29.5,81,14.1,Light Rain,293,2026-04-15 12:13:01.063300,Cálido,Lluvia ligera,False
Lima,Peru,-12.0464,-77.0428,18.5,20.8,70,9.8,Partly Cloudy,116,2026-04-06 14:04:01.063339,Templado,Parcialmente nublado,False
Mexico City,Mexico,19.4326,-99.1332,22.3,21.2,59,7.4,Patchy Rain Nearby,176,2026-04-04 00:47:01.063377,Templado,Lluvia ligera,False
Bogota,Colombia,4.711,-74.0721,13.4,12.2,74,7.1,Sunny,113,2026-03-19 16:18:01.063415,Frío,Despejado,False
Bogota,Colombia,4.711,-74.0721,16.9,19.5,79,2.2,Partly Cloudy,116,2026-03-29 08:24:01.063453,Frío,Parcialmente nublado,False
Cali,Colombia,3.4516,-76.532,23.4,27.3,83,5.3,Overcast,122,2026-03-31 02:22:01.063492,Templado,Nublado,False
Bogota,Colombia,4.711,-74.0721,24.0,23.0,98,3.5,Cloudy,119,2026-04-11 11:34:01.063529,Templado,Nublado,False
Miami,Usa,25.7617,-80.1918,25.4,27.6,68,10.7,Light Rain,293,2026-03-18 12:01:01.063568,Cálido,Lluvia ligera,False
Tokyo,Japan,35.6895,139.6917,20.6,20.1,37,9.1,Light Drizzle,266,2026-03-28 04:11:01.063606,Templado,Lluvia ligera,False
Madrid,Spain,40.4168,-3.7038,11.6,11.0,42,11.2,Partly Cloudy,116,2026-04-07 13:04:01.063645,Frío,Parcialmente nublado,False
Medellin,Colombia,6.2442,-75.5812,20.5,21.0,76,1.0,Partly Cloudy,116,2026-04-08 12:26:01.063693,Templado,Parcialmente nublado,False
Madrid,Spain,40.4168,-3.7038,8.0,10.0,54,11.8,Patchy Snow Showers,392,2026-03-19 13:00:01.063733,Muy frío,Nieve ligera,False
Miami,Usa,25.7617,-80.1918,26.5,25.8,99,16.2,Cloudy,119,2026-04-10 21:19:01.063857,Cálido,Nublado,False
Lima,Peru,-12.0464,-77.0428,20.7,21.1,84,8.5,Light Drizzle,266,2026-03-19 04:03:01.063911,Templado,Lluvia ligera,False
Cartagena,Colombia,10.391,-75.4794,41.2,41.3,78,11.3,Partly Cloudy,116,2026-03-19 03:48:01.063952,Muy cálido,Parcialmente nublado,False
Barranquilla,Colombia,10.9685,-74.7813,29.2,28.6,95,0.2,Light Drizzle,266,2026-04-07 06:51:01.063992,Cálido,Lluvia ligera,False
Medellin,Colombia,6.2442,-75.5812,13.2,16.7,84,9.4,Cloudy,119,2026-03-26 03:02:01.064048,Frío,Nublado,False
Lima,Peru,-12.0464,-77.0428,24.9,27.5,92,15.7,Sunny,113,2026-04-10 21:51:01.064099,Cálido,Despejado,False
Medellin,Colombia,6.2442,-75.5812,23.4,26.6,66,11.8,Patchy Rain Nearby,176,2026-03-25 17:14:01.064151,Templado,Lluvia ligera,False
Bogota,Colombia,4.711,-74.0721,17.5,16.4,85,10.2,Partly Cloudy,116,2026-04-13 17:47:01.064192,Frío,Parcialmente nublado,False
Cartagena,Colombia,10.391,-75.4794,28.7,25.8,99,17.3,Moderate Rain,302,2026-03-27 09:16:01.064242,Cálido,Lluvia moderada,False
Medellin,Colombia,6.2442,-75.5812,24.4,25.5,59,1.5,Light Rain,293,2026-04-03 23:12:01.064281,Cálido,Lluvia ligera,False
Cartagena,Colombia,10.391,-75.4794,33.9,36.4,100,13.7,Partly Cloudy,116,2026-03-29 08:15:01.064320,Muy cálido,Parcialmente nublado,False
Barranquilla,Colombia,10.9685,-74.7813,31.2,28.9,67,14.4,Partly Cloudy,116,2026-03-30 08:55:01.064358,Muy cálido,Parcialmente nublado,False
Medellin,Colombia,6.2442,-75.5812,16.6,15.0,73,12.6,Sunny,113,2026-03-30 05:06:01.064407,Frío,Despejado,False
London,Uk,51.5074,-0.1278,11.1,10.7,73,14.2,Patchy Rain Nearby,176,2026-04-14 03:49:01.064447,Frío,Lluvia ligera,False
Cali,Colombia,3.4516,-76.532,30.8,31.6,67,9.7,Cloudy,119,2026-03-23 07:12:01.064486,Muy cálido,Nublado,False
Mexico City,Mexico,19.4326,-99.1332,19.3,19.2,65,12.9,Patchy Rain Nearby,176,2026-04-01 14:58:01.064527,Templado,Lluvia ligera,False
Sao Paulo,Brazil,-23.5505,-46.6333,22.6,22.4,88,14.7,Patchy Rain Nearby,176,2026-04-11 13:58:01.064565,Templado,Lluvia ligera,False
Medellin,Colombia,6.2442,-75.5812,18.6,19.1,65,9.0,Partly Cloudy,116,2026-03-21 03:07:01.064604,Templado,Parcialmente nublado,False
Cartagena,Colombia,10.391,-75.4794,28.5,25.7,77,13.1,Moderate Rain,302,2026-03-18 20:08:01.064652,Cálido,Lluvia moderada,False
Madrid,Spain,40.4168,-3.7038,23.0,23.5,83,8.1,Sunny,113,2026-03-26 14:10:01.064692,Templado,Despejado,False
Mexico City,Mexico,19.4326,-99.1332,23.2,21.7,71,10.9,Sunny,113,2026-03-28 20:36:01.064731,Templado,Despejado,False
Tokyo,Japan,35.6895,139.6917,24.9,26.2,51,5.1,Cloudy,119,2026-04-14 13:59:01.064769,Cálido,Nublado,False
Medellin,Colombia,6.2442,-75.5812,18.9,17.2,76,8.9,Sunny,113,2026-04-13 14:35:01.064829,Templado,Despejado,False
Miami,Usa,25.7617,-80.1918,28.8,27.0,79,9.7,Patchy Rain Nearby,176,2026-03-26 15:31:01.064868,Cálido,Lluvia ligera,False
Madrid,Spain,40.4168,-3.7038,21.6,20.1,44,8.9,Moderate Rain,302,2026-04-07 18:08:01.064907,Templado,Lluvia moderada,False
Tokyo,Japan,35.6895,139.6917,21.0,21.4,54,14.9,Sunny,113,2026-03-29 13:02:01.064946,Templado,Despejado,False
Medellin,Colombia,6.2442,-75.5812,19.2,21.1,55,11.5,Moderate Rain,302,2026-03-16 17:56:01.064985,Templado,Lluvia moderada,False
Madrid,Spain,40.4168,-3.7038,17.5,19.5,47,4.9,Sunny,113,2026-04-03 18:50:01.065024,Frío,Despejado,False
Bogota,Colombia,4.711,-74.0721,19.7,21.4,70,10.3,Patchy Rain Nearby,176,2026-03-26 17:50:01.065074,Templado,Lluvia ligera,False
Sao Paulo,Brazil,-23.5505,-46.6333,27.3,30.9,82,11.8,Heavy Rain,308,2026-04-08 18:35:01.065159,Cálido,Lluvia fuerte,False
Barranquilla,Colombia,10.9685,-74.7813,30.2,27.5,80,13.0,Light Drizzle,266,2026-04-11 19:32:01.065199,Muy cálido,Lluvia ligera,False
Cali,Colombia,3.4516,-76.532,29.8,27.4,63,14.3,Moderate Rain,302,2026-04-06 00:12:01.065239,Cálido,Lluvia moderada,False
Barranquilla,Colombia,10.9685,-74.7813,31.5,29.6,100,15.9,Light Rain,293,2026-04-09 04:41:01.065281,Muy cálido,Lluvia ligera,False
Miami,Usa,25.7617,-80.1918,28.8,31.2,75,12.4,Sunny,113,2026-04-05 16:59:01.065320,Cálido,Despejado,False
Madrid,Spain,40.4168,-3.7038,14.9,15.1,47,7.2,Light Rain,293,2026-03-20 14:01:01.065362,Frío,Lluvia ligera,False
Cali,Colombia,3.4516,-76.532,21.6,24.7,70,2.2,Sunny,113,2026-03-17 11:25:01.065401,Templado,Despejado,False
Mexico City,Mexico,19.4326,-99.1332,25.3,26.1,79,6.5,Overcast,122,2026-04-04 16:40:01.065440,Cálido,Nublado,False
Sao Paulo,Brazil,-23.5505,-46.6333,24.1,26.1,77,11.7,Heavy Rain,308,2026-03-16 01:12:01.065479,Cálido,Lluvia fuerte,False
Tokyo,Japan,35.6895,139.6917,22.9,24.3,65,10.1,Light Rain,293,2026-03-23 20:09:01.065747,Templado,Lluvia ligera,False
Sao Paulo,Brazil,-23.5505,-46.6333,22.7,22.3,78,3.9,Cloudy,119,2026-04-07 05:21:01.065862,Templado,Nublado,False
Cali,Colombia,3.4516,-76.532,20.2,19.6,42,7.8,Sunny,113,2026-03-29 19:34:01.065925,Templado,Despejado,False
Bogota,Colombia,4.711,-74.0721,19.2,16.8,75,8.7,Moderate Rain,302,2026-04-03 12:55:01.065968,Templado,Lluvia moderada,False
Lima,Peru,-12.0464,-77.0428,16.0,16.2,84,15.3,Partly Cloudy,116,2026-04-06 22:32:01.066008,Frío,Parcialmente nublado,False
Barranquilla,Colombia,10.9685,-74.7813,31.2,32.3,94,16.1,Cloudy,119,2026-03-25 23:13:01.066047,Muy cálido,Nublado,False
Cali,Colombia,3.4516,-76.532,30.8,33.3,76,15.6,Patchy Rain Nearby,176,2026-03-25 23:00:01.066085,Muy cálido,Lluvia ligera,False
Tokyo,Japan,35.6895,139.6917,23.4,23.7,78,9.5,Partly Cloudy,116,2026-03-28 20:25:01.066122,Templado,Parcialmente nublado,False
Madrid,Spain,40.4168,-3.7038,17.7,16.7,52,5.1,Overcast,122,2026-04-06 00:28:01.066160,Frío,Nublado,False
Cartagena,Colombia,10.391,-75.4794,30.7,30.5,76,12.1,Light Rain,293,2026-03-19 11:41:01.066216,Muy cálido,Lluvia ligera,False
Sao Paulo,Brazil,-23.5505,-46.6333,26.1,24.5,73,12.0,Overcast,122,2026-04-01 13:09:01.066287,Cálido,Nublado,False
Lima,Peru,-12.0464,-77.0428,10.1,11.7,92,10.6,Cloudy,119,2026-04-05 08:43:01.066326,Frío,Nublado,False
Medellin,Colombia,6.2442,-75.5812,24.9,25.0,64,10.0,Partly Cloudy,116,2026-03-28 00:04:01.066364,Cálido,Parcialmente nublado,False
London,Uk,51.5074,-0.1278,17.7,19.8,70,7.8,Partly Cloudy,116,2026-04-05 09:42:01.066403,Frío,Parcialmente nublado,False
Sao Paulo,Brazil,-23.5505,-46.6333,23.6,21.0,47,17.4,Overcast,122,2026-03-28 16:33:01.066442,Templado,Nublado,False
Bogota,Colombia,4.711,-74.0721,18.7,21.0,55,9.1,Cloudy,119,2026-04-10 16:07:01.066480,Templado,Nublado,False
Lima,Peru,-12.0464,-77.0428,27.0,27.7,72,11.7,Light Drizzle,266,2026-03-28 09:25:01.066518,Cálido,Lluvia ligera,False
Bogota,Colombia,4.711,-74.0721,19.0,20.2,85,7.3,Cloudy,119,2026-04-12 21:49:01.066566,Templado,Nublado,False
Cartagena,Colombia,10.391,-75.4794,27.6,27.3,66,3.1,Partly Cloudy,116,2026-03-26 12:20:01.066605,Cálido,Parcialmente nublado,False
Sao Paulo,Brazil,-23.5505,-46.6333,26.8,29.9,67,0.9,Overcast,122,2026-04-08 00:25:01.066643,Cálido,Nublado,False
Mexico City,Mexico,19.4326,-99.1332,25.2,25.4,49,13.7,Heavy Rain,308,2026-03-26 01:02:01.066691,Cálido,Lluvia fuerte,False
Miami,Usa,25.7617,-80.1918,36.5,36.4,73,10.0,Overcast,122,2026-04-15 13:28:01.066730,Muy cálido,Nublado,False
Cartagena,Colombia,10.391,-75.4794,28.1,27.8,100,13.7,Patchy Rain Nearby,176,2026-04-08 03:16:01.066768,Cálido,Lluvia ligera,False
Madrid,Spain,40.4168,-3.7038,8.8,10.3,66,6.5,Sunny,113,2026-04-01 02:19:01.066806,Muy frío,Despejado,False
Miami,Usa,25.7617,-80.1918,30.2,27.4,71,20.2,Sunny,113,2026-04-01 09:07:01.066844,Muy cálido,Despejado,False
Madrid,Spain,40.4168,-3.7038,12.3,10.0,49,10.9,Overcast,122,2026-04-12 00:52:01.066882,Frío,Nublado,False
Mexico City,Mexico,19.4326,-99.1332,26.7,27.9,61,15.6,Moderate Rain,302,2026-03-19 19:13:01.066921,Cálido,Lluvia moderada,False
Barranquilla,Colombia,10.9685,-74.7813,27.2,27.5,56,10.7,Sunny,113,2026-03-29 13:41:01.066958,Cálido,Despejado,False
London,Uk,51.5074,-0.1278,19.5,23.1,58,17.5,Sunny,113,2026-04-13 19:24:01.066996,Templado,Despejado,False
Barranquilla,Colombia,10.9685,-74.7813,27.1,26.9,66,8.1,Sunny,113,2026-03-21 12:20:01.067034,Cálido,Despejado,False
Lima,Peru,-12.0464,-77.0428,18.8,19.9,100,6.2,Partly Cloudy,116,2026-03-31 03:11:01.067095,Templado,Parcialmente nublado,False
Barranquilla,Colombia,10.9685,-74.7813,33.0,32.0,76,9.0,Heavy Rain,308,2026-04-08 11:03:01.067134,Muy cálido,Lluvia fuerte,False
Cali,Colombia,3.4516,-76.532,28.2,31.0,57,2.8,Overcast,122,2026-04-01 23:38:01.067173,Cálido,Nublado,False
Bogota,Colombia,4.711,-74.0721,16.0,16.3,79,14.3,Light Rain,293,2026-04-04 00:36:01.067211,Frío,Lluvia ligera,False
Madrid,Spain,40.4168,-3.7038,16.5,19.2,69,12.2,Heavy Rain,308,2026-03-20 15:18:01.067249,Frío,Lluvia fuerte,False
Cali,Colombia,3.4516,-76.532,28.2,28.2,70,7.9,Light Rain,293,2026-04-10 20:43:01.067288,Cálido,Lluvia ligera,False
Sao Paulo,Brazil,-23.5505,-46.6333,25.4,22.5,74,13.2,Sunny,113,2026-04-14 07:36:01.067327,Cálido,Despejado,False
Mexico City,Mexico,19.4326,-99.1332,18.3,17.2,50,11.5,Overcast,122,2026-04-07 13:23:01.067366,Templado,Nublado,False
Bogota,Colombia,4.711,-74.0721,17.8,17.4,87,12.5,Partly Cloudy,116,2026-04-14 18:48:01.067413,Frío,Parcialmente nublado,False
Bogota,Colombia,4.711,-74.0721,10.9,13.5,48,14.1,Patchy Rain Nearby,176,2026-03-17 22:19:01.067519,Frío,Lluvia ligera,False
Sao Paulo,Brazil,-23.5505,-46.6333,23.9,21.7,70,14.9,Partly Cloudy,116,2026-03-23 04:01:01.067594,Templado,Parcialmente nublado,False
Tokyo,Japan,35.6895,139.6917,29.8,28.7,63,0.0,Patchy Rain Nearby,176,2026-04-09 10:25:01.067638,Cálido,Lluvia ligera,False
Sao Paulo,Brazil,-23.5505,-46.6333,27.5,27.3,100,3.5,Light Rain,293,2026-03-16 11:40:01.067678,Cálido,Lluvia ligera,False
Sao Paulo,Brazil,-23.5505,-46.6333,31.1,33.0,88,18.1,Partly Cloudy,116,2026-04-08 13:57:01.067726,Muy cálido,Parcialmente nublado,False
Medellin,Colombia,6.2442,-75.5812,16.7,13.0,62,16.4,Sunny,113,2026-03-24 00:26:01.067783,Frío,Despejado,False
Madrid,Spain,40.4168,-3.7038,20.6,21.5,72,6.4,Overcast,122,2026-04-07 00:48:01.067959,Templado,Nublado,False
Mexico City,Mexico,19.4326,-99.1332,19.8,21.8,65,20.6,Partly Cloudy,116,2026-03-18 17:29:01.068054,Templado,Parcialmente nublado,False
Cali,Colombia,3.4516,-76.532,22.7,19.9,70,6.1,Patchy Snow Showers,392,2026-03-23 16:35:01.068107,Templado,Nieve ligera,False
Madrid,Spain,40.4168,-3.7038,20.4,21.1,39,3.4,Moderate Rain,302,2026-04-08 11:32:01.068155,Templado,Lluvia moderada,False
Mexico City,Mexico,19.4326,-99.1332,28.2,26.5,72,6.9,Light Drizzle,266,2026-03-21 07:50:01.068202,Cálido,Lluvia ligera,False
Sao Paulo,Brazil,-23.5505,-46.6333,18.9,17.8,58,18.8,Thundery Outbreaks,200,2026-03-20 02:10:01.068278,Templado,Tormenta,True
Medellin,Colombia,6.2442,-75.5812,23.3,21.7,76,8.6,Overcast,122,2026-03-22 14:56:01.068334,Templado,Nublado,False
Lima,Peru,-12.0464,-77.0428,16.4,13.6,63,9.4,Sunny,113,2026-04-15 12:13:01.068380,Frío,Despejado,False
Lima,Peru,-12.0464,-77.0428,17.1,16.8,72,11.4,Cloudy,119,2026-04-12 03:16:01.068425,Frío,Nublado,False
Mexico City,Mexico,19.4326,-99.1332,26.9,23.1,70,24.2,Cloudy,119,2026-04-05 21:51:01.068469,Cálido,Nublado,False
Tokyo,Japan,35.6895,139.6917,22.1,20.4,63,5.7,Light Rain,293,2026-04-12 21:50:01.068514,Templado,Lluvia ligera,False
Bogota,Colombia,4.711,-74.0721,21.9,24.2,81,18.7,Moderate Rain,302,2026-04-15 04:11:01.068558,Templado,Lluvia moderada,False
Tokyo,Japan,35.6895,139.6917,22.4,22.6,77,10.3,Patchy Rain Nearby,176,2026-04-01 04:06:01.068603,Templado,Lluvia ligera,False
Medellin,Colombia,6.2442,-75.5812,15.0,14.9,82,11.6,Patchy Snow Showers,392,2026-04-07 12:59:01.068649,Frío,Nieve ligera,False
Miami,Usa,25.7617,-80.1918,18.6,23.0,94,8.0,Moderate Rain,302,2026-03-21 15:18:01.068694,Templado,Lluvia moderada,False
Mexico City,Mexico,19.4326,-99.1332,22.8,26.1,80,12.7,Partly Cloudy,116,2026-03-31 14:45:01.068749,Templado,Parcialmente nublado,False
Lima,Peru,-12.0464,-77.0428,20.8,20.8,73,20.6,Cloudy,119,2026-04-07 16:11:01.068907,Templado,Nublado,False
Tokyo,Japan,35.6895,139.6917,22.6,20.5,73,18.6,Partly Cloudy,116,2026-03-30 01:37:01.068981,Templado,Parcialmente nublado,False
Sao Paulo,Brazil,-23.5505,-46.6333,35.5,36.5,75,5.1,Partly Cloudy,116,2026-03-17 06:29:01.069030,Muy cálido,Parcialmente nublado,False
Tokyo,Japan,35.6895,139.6917,22.5,21.6,61,13.8,Partly Cloudy,116,2026-04-10 12:27:01.069077,Templado,Parcialmente nublado,False
Cali,Colombia,3.4516,-76.532,17.1,21.7,100,17.3,Patchy Rain Nearby,176,2026-03-31 19:03:01.069178,Frío,Lluvia ligera,False
London,Uk,51.5074,-0.1278,12.3,12.4,43,13.0,Sunny,113,2026-03-18 04:48:01.069225,Frío,Despejado,False
Tokyo,Japan,35.6895,139.6917,19.8,19.0,46,6.0,Overcast,122,2026-04-14 10:30:01.069265,Templado,Nublado,False
Madrid,Spain,40.4168,-3.7038,18.9,16.9,59,1.7,Light Drizzle,266,2026-03-30 17:12:01.069319,Templado,Lluvia ligera,False
Lima,Peru,-12.0464,-77.0428,16.3,16.1,77,14.4,Patchy Rain Nearby,176,2026-03-28 06:07:01.069358,Frío,Lluvia ligera,False
Barranquilla,Colombia,10.9685,-74.7813,24.4,26.6,83,8.9,Cloudy,119,2026-03-31 20:01:01.069406,Cálido,Nublado,False
Mexico City,Mexico,19.4326,-99.1332,28.9,23.5,67,11.0,Partly Cloudy,116,2026-04-05 23:52:01.069445,Cálido,Parcialmente nublado,False
Sao Paulo,Brazil,-23.5505,-46.6333,27.0,28.6,91,8.0,Sunny,113,2026-03-21 16:42:01.069551,Cálido,Despejado,False
Sao Paulo,Brazil,-23.5505,-46.6333,15.2,15.5,81,16.8,Light Rain,293,2026-03-17 02:25:01.069610,Frío,Lluvia ligera,False
Barranquilla,Colombia,10.9685,-74.7813,29.2,27.6,68,5.8,Patchy Rain Nearby,176,2026-03-26 15:43:01.069653,Cálido,Lluvia ligera,False
Madrid,Spain,40.4168,-3.7038,16.6,19.2,62,8.5,Partly Cloudy,116,2026-03-16 23:42:01.069693,Frío,Parcialmente nublado,False
Sao Paulo,Brazil,-23.5505,-46.6333,19.6,20.6,76,21.2,Moderate Rain,302,2026-03-27 16:08:01.069732,Templado,Lluvia moderada,False
Miami,Usa,25.7617,-80.1918,28.7,28.3,69,12.7,Cloudy,119,2026-04-03 18:31:01.069771,Cálido,Nublado,False
Miami,Usa,25.7617,-80.1918,39.1,39.4,68,16.1,Partly Cloudy,116,2026-04-13 18:26:01.069809,Muy cálido,Parcialmente nublado,False
Cali,Colombia,3.4516,-76.532,22.4,24.6,84,1.3,Light Rain,293,2026-03-21 04:36:01.069848,Templado,Lluvia ligera,False
Miami,Usa,25.7617,-80.1918,24.3,24.3,84,19.2,Overcast,122,2026-03-19 07:32:01.069903,Cálido,Nublado,False
Barranquilla,Colombia,10.9685,-74.7813,26.9,28.3,79,12.3,Sunny,113,2026-04-07 05:34:01.069943,Cálido,Despejado,False
Miami,Usa,25.7617,-80.1918,33.6,31.3,60,10.2,Patchy Rain Nearby,176,2026-03-20 10:09:01.069982,Muy cálido,Lluvia ligera,False
Bogota,Colombia,4.711,-74.0721,12.5,12.3,70,17.0,Overcast,122,2026-03-16 12:03:01.070021,Frío,Nublado,False
Tokyo,Japan,35.6895,139.6917,21.5,19.7,27,10.9,Sunny,113,2026-03-26 07:45:01.070059,Templado,Despejado,False
Mexico City,Mexico,19.4326,-99.1332,19.2,22.8,70,8.8,Sunny,113,2026-04-13 07:20:01.070098,Templado,Despejado,False
Cartagena,Colombia,10.391,-75.4794,28.5,29.2,84,10.7,Partly Cloudy,116,2026-04-04 09:55:01.070141,Cálido,Parcialmente nublado,False
Lima,Peru,-12.0464,-77.0428,27.7,32.0,62,7.7,Partly Cloudy,116,2026-03-25 13:14:01.070181,Cálido,Parcialmente nublado,False
Miami,Usa,25.7617,-80.1918,28.0,27.5,99,8.8,Light Rain,293,2026-03-28 11:23:01.070220,Cálido,Lluvia ligera,False
Cali,Colombia,3.4516,-76.532,23.6,23.7,77,9.9,Partly Cloudy,116,2026-04-02 04:55:01.070258,Templado,Parcialmente nublado,False
Tokyo,Japan,35.6895,139.6917,14.6,16.4,61,10.7,Partly Cloudy,116,2026-03-27 05:46:01.070307,Frío,Parcialmente nublado,False
Medellin,Colombia,6.2442,-75.5812,22.1,25.0,77,7.9,Light Drizzle,266,2026-04-08 06:11:01.070347,Templado,Lluvia ligera,False
Madrid,Spain,40.4168,-3.7038,21.8,20.2,60,4.1,Cloudy,119,2026-04-06 10:09:01.070386,Templado,Nublado,False
Lima,Peru,-12.0464,-77.0428,17.6,20.3,88,7.2,Heavy Rain,308,2026-04-04 12:56:01.070424,Frío,Lluvia fuerte,False
London,Uk,51.5074,-0.1278,11.1,11.9,60,7.3,Patchy Rain Nearby,176,2026-03-19 06:45:01.070472,Frío,Lluvia ligera,False
Tokyo,Japan,35.6895,139.6917,24.4,26.0,82,15.6,Overcast,122,2026-03-29 02:17:01.070512,Cálido,Nublado,False
Miami,Usa,25.7617,-80.1918,25.1,23.2,71,9.5,Cloudy,119,2026-03-31 10:15:01.070551,Cálido,Nublado,False
London,Uk,51.5074,-0.1278,14.9,15.5,68,6.7,Sunny,113,2026-04-05 16:27:01.070590,Frío,Despejado,False
London,Uk,51.5074,-0.1278,18.4,15.9,78,14.4,Cloudy,119,2026-03-17 14:42:01.070629,Templado,Nublado,False
Cali,Colombia,3.4516,-76.532,24.0,24.1,75,8.4,Cloudy,119,2026-04-12 08:46:01.070667,Templado,Nublado,False
Tokyo,Japan,35.6895,139.6917,23.1,23.6,56,5.9,Patchy Rain Nearby,176,2026-04-07 06:25:01.070921,Templado,Lluvia ligera,False
Bogota,Colombia,4.711,-74.0721,23.7,22.9,53,1.3,Cloudy,119,2026-04-08 08:08:01.070998,Templado,Nublado,False
Bogota,Colombia,4.711,-74.0721,18.6,15.3,96,14.7,Overcast,122,2026-03-24 23:16:01.071082,Templado,Nublado,False
Sao Paulo,Brazil,-23.5505,-46.6333,21.6,19.8,96,7.1,Overcast,122,2026-04-09 16:25:01.071137,Templado,Nublado,False
Medellin,Colombia,6.2442,-75.5812,26.8,27.9,66,7.8,Light Rain,293,2026-03-21 05:41:01.071180,Cálido,Lluvia ligera,False
Madrid,Spain,40.4168,-3.7038,23.0,24.8,74,9.4,Patchy Rain Nearby,176,2026-03-16 16:40:01.071220,Templado,Lluvia ligera,False
Bogota,Colombia,4.711,-74.0721,18.0,17.2,66,12.9,Sunny,113,2026-03-25 21:55:01.071357,Frío,Despejado,False
Miami,Usa,25.7617,-80.1918,30.9,30.9,92,12.7,Cloudy,119,2026-03-24 11:15:01.071440,Muy cálido,Nublado,False
Sao Paulo,Brazil,-23.5505,-46.6333,23.3,26.5,76,7.9,Patchy Rain Nearby,176,2026-03-28 11:36:01.071485,Templado,Lluvia ligera,False
Miami,Usa,25.7617,-80.1918,25.9,23.2,74,17.3,Patchy Rain Nearby,176,2026-03-17 03:48:01.071525,Cálido,Lluvia ligera,False
Medellin,Colombia,6.2442,-75.5812,22.0,17.2,78,2.4,Partly Cloudy,116,2026-03-17 05:22:01.071583,Templado,Parcialmente nublado,False
Mexico City,Mexico,19.4326,-99.1332,25.0,24.8,95,14.4,Cloudy,119,2026-04-10 16:28:01.071623,Cálido,Nublado,False
Madrid,Spain,40.4168,-3.7038,19.6,21.2,44,11.9,Light Drizzle,266,2026-04-04 23:48:01.071662,Templado,Lluvia ligera,False
Barranquilla,Colombia,10.9685,-74.7813,25.6,27.6,84,7.7,Cloudy,119,2026-03-26 19:02:01.071700,Cálido,Nublado,False
Mexico City,Mexico,19.4326,-99.1332,21.0,19.3,74,13.0,Cloudy,119,2026-04-15 19:28:01.071738,Templado,Nublado,False
Cartagena,Colombia,10.391,-75.4794,28.0,29.5,93,20.2,Patchy Rain Nearby,176,2026-04-07 10:46:01.071777,Cálido,Lluvia ligera,False
Medellin,Colombia,6.2442,-75.5812,25.1,25.0,63,10.3,Overcast,122,2026-03-26 01:27:01.071815,Cálido,Nublado,False
London,Uk,51.5074,-0.1278,8.1,7.7,59,12.5,Moderate Rain,302,2026-04-11 03:12:01.071853,Muy frío,Lluvia moderada,False
Cartagena,Colombia,10.391,-75.4794,24.8,24.8,99,13.6,Light Rain,293,2026-03-30 22:56:01.071892,Cálido,Lluvia ligera,False
Tokyo,Japan,35.6895,139.6917,23.8,21.1,76,1.6,Patchy Rain Nearby,176,2026-04-12 02:18:01.071940,Templado,Lluvia ligera,False
Mexico City,Mexico,19.4326,-99.1332,28.7,25.9,73,4.8,Partly Cloudy,116,2026-03-28 19:05:01.071999,Cálido,Parcialmente nublado,False
Cali,Colombia,3.4516,-76.532,29.4,28.5,91,5.7,Thundery Outbreaks,200,2026-04-13 04:28:01.072039,Cálido,Tormenta,True
Lima,Peru,-12.0464,-77.0428,12.3,10.2,100,14.8,Cloudy,119,2026-04-11 10:11:01.072079,Frío,Nublado,False
Cali,Colombia,3.4516,-76.532,23.5,22.6,71,2.7,Sunny,113,2026-03-25 01:00:01.072117,Templado,Despejado,False
Madrid,Spain,40.4168,-3.7038,16.3,12.7,58,9.1,Partly Cloudy,116,2026-04-07 22:27:01.072155,Frío,Parcialmente nublado,False
Bogota,Colombia,4.711,-74.0721,20.5,18.9,94,18.3,Partly Cloudy,116,2026-03-20 07:03:01.072194,Templado,Parcialmente nublado,False
Cali,Colombia,3.4516,-76.532,23.8,25.6,93,17.6,Heavy Rain,308,2026-04-11 10:29:01.072232,Templado,Lluvia fuerte,False
Mexico City,Mexico,19.4326,-99.1332,21.7,19.2,77,16.9,Patchy Rain Nearby,176,2026-04-10 14:39:01.072270,Templado,Lluvia ligera,False
Sao Paulo,Brazil,-23.5505,-46.6333,17.3,15.8,88,6.7,Partly Cloudy,116,2026-04-01 09:56:01.072309,Frío,Parcialmente nublado,False
Medellin,Colombia,6.2442,-75.5812,23.9,24.7,57,1.9,Partly Cloudy,116,2026-03-26 20:40:01.072347,Templado,Parcialmente nublado,False
Sao Paulo,Brazil,-23.5505,-46.6333,24.4,25.1,90,1.9,Overcast,122,2026-04-07 06:38:01.072396,Cálido,Nublado,False
Cartagena,Colombia,10.391,-75.4794,28.8,32.3,83,13.6,Overcast,122,2026-03-25 08:07:01.072435,Cálido,Nublado,False
Medellin,Colombia,6.2442,-75.5812,22.4,21.9,88,9.6,Patchy Rain Nearby,176,2026-03-29 03:46:01.072474,Templado,Lluvia ligera,False
